"path","bytes","sha256"
"2D/DL2D00000009.jpg","94921","cf12846fffbd4c17acb43b34aa6b61ffe4af5ea7f1832ec69efeb61d18a8a6cd"
"2D/DL2D00000018.jpg","95506","bfa8cd0e41a86f545bd7f7fc1e41eba10884ef398b7073107c951479aa1bcf39"
"2D/DL2D00000041.jpg","86794","23b978fee36f94b1b21ca199a13b12653d8cd265e2ac7ec3bc76bde6e24186cd"
"2D/DL2D00000057.jpg","91394","354a3d6acd1326b9dade0d7249c0755cc0539f2587c9575ebd504422ba308e67"
"2D/DL2D00000078.jpg","96930","fd738ffdf197a4320a90510a4b31ed6c2dddac6288af3a6096bac130588ef96a"
"2D/DL2D00000084.jpg","93110","304a376e975147acbe277ef8723a3d03ee5cae5141e3a22a170e6cdb8966139e"
"2D/DL2D00000120.jpg","50621","3aa35a118edc8189f211dee9218b4176aa8607134e11f5366015935cdacdff06"
"2D/DL2D00000188.jpg","52593","397292c75ecf695cf7e81e3208d735d33c022c3c0e46f5afb082cd4d76f2a49f"
"2D/DL2D00000201.jpg","97370","85140620467670cdcc0c7c3cebf87bec59254b932baf2738708b3cd34ec06912"
"2D/DL2D00000202.jpg","96940","0efbd2adccf49a6cd89c2f06a7fd118eae19dbbc375c4e5c95a8c514121754ce"
"2D/DL2D00000231.jpg","97496","d7565cfdec21080e8216162ee4359e9a2e2bc9baa0bfb6487050732ff59c30c6"
"2D/DL2D00000270.jpg","87671","8778920ae927a43469552dd20045ccfa645710792ed87c4f2224e51b2092ea27"
"2D/DL2D00000289.jpg","87235","9cd2d617637f5534550f1cdf12669e78c2599418625a8df2bd5309c1a2374554"
"2D/DL2D00000292.jpg","90167","bcb3e4c80c3c86fe58cc263ac00d9671f87b17ae991bb49bcf5301cf8cde5ebf"
"2D/DL2D00000295.jpg","88112","e0fc9a6d93cfcd7ff47cee2e75c15e4b30b269311dc4eba47725431100c43c6b"
"2D/DL2D00000310.jpg","89091","379a629cad27148cf1da0e10edcd91b9b1895830b96f29540e4a46900fdf7e4d"
"2D/DL2D00000312.jpg","80889","9d5352c48e37d71ab6d8f323db823302ce055684eefd3089170386178136489f"
"2D/DL2D00000317.jpg","88301","f6b14ab6783eaac0f081a4c3081759f898bc65678659f78c2e59318bcb87bae4"
"2D/DL2D00000335.jpg","94407","162c23818ee52ce27d2ee282a22d3503214d633443ea7035b9e793589f478440"
"2D/DL2D00000357.jpg","93910","58c97eb0cb8c20c1159d773ab16512f4393c07cc51038b618c1586ff5d78fda7"
"2D/DL2D00000389.jpg","96315","867aa3b4b790e0fa2084a5a4ee30860f03b13e44b4e250de10a3908eeab14c9c"
"2D/DL2D00000427.jpg","96565","cb2edfe71e8b076de41cd1b3d25d316cbc5680511f45bebf261b111eb77d3b57"
"2D/DL2D00000441.jpg","97112","54b1b338aee3a5c1921783f2b696253494ee7a80eda1f5e51f77e9145572be94"
"2D/DL2D00000465.jpg","89420","50aa17bcc63fbbbdd47e682741069410ab08694fd5bda4fc02b5ea0871685179"
"2D/DL2D00000477.jpg","91444","1aab7f6644736dab5ffedec8200bd5d7cde67f6c8977ec67881fc3a6b40ad659"
"2D/DL2D00000495.jpg","88454","6a82eba31e53388b2f83d512eb502ac5fb46c1333e68db05cb80d3281fd436cf"
"2D/DL2D00000547.jpg","89582","ea07e848d216bec908de38ec1ecce84134ad0fae3ee12605e61e3d0f24c538e2"
"2D/DL2D00000556.jpg","79623","0965f3b65ce793cd54f25592f60c9c65f54b2e963b07abdd7054b7db9c8556d9"
"2D/DL2D00000574.jpg","97163","201f3bbc14a7e2c68eab5d0df75c2650311eff925caec2784ba8c58df4aab639"
"2D/DL2D00000599.jpg","97757","d73d3a991f7f6ffbe534090d1275b7273a57d1a857c7a3f5c7b850566488c4d2"
"2D/DL2D00000607.jpg","20790","2f77b443c1a4c3a3c0d92be679eeb92fdca707d519d9e73dfc84b4d9f7f9d4ce"
"2D/DL2D00000613.jpg","18403","3aa17c3ae72384fb25ff3ebc8e475348ddcd0f896560f3d49e18765ef8951e42"
"2D/DL2D00000630.jpg","19650","1fb958abef46eca398a00733619c90667f4fe59c463893f7b87bbb1c9f07bbc9"
"2D/DL2D00000632.jpg","22090","ad1c5296156999df56673b1d9697e05ac8d4136eba3927303e5c914fbd5bc0e6"
"2D/DL2D00000660.jpg","19521","8a0ab90609bfdd584fd6d6188a2787d27d3ba510599d843da3b44f6e0dcb0f7a"
"2D/DL2D00000664.jpg","20561","bb8830ec6731231e810f9c9604394f7252c738d2db22e79f5e6c76300e869ce4"
"2D/DL2D00000685.jpg","20524","7841751431b5e5641ce636f1ee27e99ab0cb93e0bf458ddbe9b6419988579014"
"2D/DL2D00000740.jpg","17262","12c630a0cfc0d56494e57919f3b42eae61bab7e1fc79853ffa6ee901763866aa"
"2D/DL2D00000757.jpg","20390","0476a16c8def96a3a9ba4fd5ddd8ddd75e3d95eaf71e94c3b79efed98d6cea1b"
"2D/DL2D00000764.jpg","18346","238eb3e5e7466b8b33c43372048c4e5f5a7f7f2594dc12ef004decd53de84a31"
"2D/DL2D00000765.jpg","18175","b2c3943ec58213d221f980b4c5b561cf85422aa27db14d4aa95ccffb461e40da"
"2D/DL2D00000785.jpg","21816","adeaebd3e735c743d7cd59786f60ecd0e7b427e88da1af441f963ce75ff574ed"
"2D/DL2D00000810.jpg","19930","8f52924a13f088fe86de972ec0fa7740d30cb972c18f35bee731305c02e50733"
"2D/DL2D00000814.jpg","18946","6e0ae3c97095c51e2220e904e849791440755582b547e63f285c41d3355738ee"
"2D/DL2D00000819.jpg","18642","93d21c8215bd1fd99308c44e8434fc8598b56f30dcc3ac3d629ccc4714bc52e7"
"2D/DL2D00000828.jpg","18399","fe3260515be80b3ab45055b8415a958782e952d8dfe1132fc88fde91d3f04197"
"2D/DL2D00000830.jpg","19857","811d9cb4d76e5c1623fcfe852644f460178ce426ae8309880cb9a318290513d5"
"2D/DL2D00000883.jpg","26169","3b8503e9294868398dc92daf02d8cc4a23bba2ccb637513ef4a2ddb8b0fb370f"
"2D/DL2D00000897.jpg","25631","281dba61542132b538f9c978a8e5cc20c05a9c24317de7955707f3d16f0330e6"
"2D/DL2D00000928.jpg","89604","e8c9a35568713ad6a898f38c155ce9784f11d6ccc4e86f753f30d4b79306d94d"
"2D/DL2D00000953.jpg","89870","feea0e5abeb3cd985c817810ffeaca3dda1016922ab454a0f427b6742e431d39"
"2D/DL2D00001002.jpg","89620","90f40535aeed75b21b1068baf609666e26569902f8d5707c708c696a5bfe3a82"
"2D/DL2D00001013.jpg","88742","99ab9f66e70ae0696f7240b1db0e546bc6d6b296cd14c0eddb7b4b7d104236cf"
"2D/DL2D00001020.jpg","88474","a6192981dbb87a186595d2d38e85a823739ce2ff17f82ac0f8e29217d09f7131"
"2D/DL2D00001033.jpg","87978","6b539d39c309b5b4f3e0408c3e6df14e8e1baa7f5d3d26c14b77ef6313810000"
"2D/DL2D00001034.jpg","88825","eb58f1deeaebcd373d411c4543d835989c66519bf549359f0e4f78e67ffe6aa4"
"2D/DL2D00001062.jpg","87533","6a8af945eafeaa40a0d965cab676b308ae3076ff6fa6169b630eec1aed027783"
"2D/DL2D00001064.jpg","87258","ef97dce6c971c13bcdf797ec1a26036509153adc6562e30b86b660703693cc74"
"2D/DL2D00001073.jpg","86924","a577f67055e8632caaf9c585b6324c9ce038ca2ad15742b86e367a80205de997"
"2D/DL2D00001079.jpg","87487","946146bc280a40016a39cfd0456f63fbf2c841eee370f0be054b6d9efb582e4c"
"2D/DL2D00001133.jpg","87499","9df30922487a83fdfbf590ab496ede8f27a8583051ad0b817aee33b6144a01f9"
"2D/DL2D00001134.jpg","87197","ff80eafcf4d2054e0b873fb4b50a52f8f55e3fdc9374a9e028a929caaf9507fc"
"2D/DL2D00001135.jpg","86850","6c3f0cd1fcdd79ecbc1a24e7d5fcf46e1ef5a5f55fd04ffafc2b78548559e7d8"
"2D/DL2D00001177.jpg","86077","329207c4ce5a1cf7ce665822eea79fb12c24f178adf18761f3f4e3d3e0f351b4"
"2D/DL2D00001178.jpg","86381","ebf003f14632262829947f070d035852376576bcc475a3ecf10ba259cad3d1ec"
"2D/DL2D00001190.jpg","86892","25f402405acb43fab9e288ebb66705a1fc5ee83968ab98f371cd7a38ffab03ac"
"2D/DL2D00001195.jpg","87447","c874937183871976d2a2e56bb4c5c44432d36b1caec73ee5da635c5f98ddf56a"
"2D/DL2D00001207.jpg","87782","541e250da0c571c586e0b76af06f8e532f15f40ab06380a6b84d8c2bf55a37da"
"2D/DL2D00001210.jpg","88132","8e2c276fa583d4436c1e96cb3dcf9b6c02687c2c540fe55b501b7abcf259fe7e"
"2D/DL2D00001220.jpg","88037","3c5eb518b1743ecfb5d1b325f1af88e0e950bf7dc5d6cdbc5496e419ca42d9c1"
"2D/DL2D00001237.jpg","87739","4468cf184a49a39d24280e3eb155dd47ccbc9e6873aadfaabd614c80736347be"
"2D/DL2D00001250.jpg","88147","281aba20130e58eabaccff121da104f9fab032358bc7d62ba012bc6596b8d4bc"
"2D/DL2D00001255.jpg","88132","971f4adf62c77eaebe5406a9226f376eff2b75d08bba0cdf779225e5f00e1ddf"
"2D/DL2D00001301.jpg","88008","d10ce6e10a937184bb794fa7c55b8fa490acf77ae8a974c352740f06b250e6b7"
"2D/DL2D00001311.jpg","88024","14640282d213726afe38a48d5010dc534c4dbf7b51d92d4c9cf13ca5acb8ab32"
"2D/DL2D00001323.jpg","87271","9017a68c07022992e247ac8ba440566250b2f3326c76d83478cdd6477fe5010e"
"2D/DL2D00001348.jpg","88739","2158876b3ee8b9d1b5c1691a8a8921ca881957e4299f7fec4726d660e7b7c521"
"2D/DL2D00001350.jpg","88884","90c491bf72d99e67c23417e5a0d71d6275b28b7da4d0f01079abb6100f947abb"
"2D/DL2D00001356.jpg","87920","62bb81b9a97051bda600ea0ab050b8627b86e9b65374231b0f4f120174b2c413"
"2D/DL2D00001376.jpg","88833","c471eb114a3018298bdffcb76af0a4c00b0dea74494d6195e320a8b7efd06e40"
"2D/DL2D00001393.jpg","88813","704d085e3f709d66e1980483af2ad08cb25ea31daba0c38060fb0cc1dc7b891f"
"2D/DL2D00001396.jpg","88477","3537fb15de0471a7f0d926cd7cf28229dc80320a1d7d6985dce5af49910545f7"
"2D/DL2D00001397.jpg","88571","04c899885825badbbe3925a5e3cc9375ba7c97651ab16681caa38e97679fb5ef"
"2D/DL2D00001413.jpg","88980","f7360fe2e5c31c206f49ad12cb81e6171256da568d4869573441124a4fbf0a3a"
"2D/DL2D00001461.jpg","89019","e44f6f826846d3bdae45403ef160f070ff20431a46044d9350106214af741479"
"2D/DL2D00001469.jpg","88156","0c37d792cceeb132a57fdb728bf962d4caaea9eb7ba93f0e2bf38f31d78f7873"
"2D/DL2D00001490.jpg","89403","7711f9bfa306c19f91a712af0274853139b127748ca59ef18057d78f0a8396fa"
"2D/DL2D00001492.jpg","90062","fdca81be28fcc6f8b7d2df48acd929ef4650081f6c795c179185cab9b4f45a29"
"2D/DL2D00001507.jpg","89594","24fc385fd48917e6d4e0271694c4b3162777a04d71eab07f5aa59742c29e1d5c"
"2D/DL2D00001610.jpg","88754","0294f1b60a7bd4d4620f72855628fd9fa6a50b75fabf10d326eae0b6de60e58f"
"2D/DL2D00001614.jpg","87959","72002d9c75a8c716ab91128c234e59eeb18933cb581da28b33fd7b45c0c98e95"
"2D/DL2D00001643.jpg","87512","d1182dc13a0946f1e97f26188857311b256ee586304ae0ac0093a5b1a7a8ddd1"
"2D/DL2D00001667.jpg","88781","511ce87bbb1b26b51674e3fa069a5eb8f47357bfecd5c15599d3ec7b592ffbfc"
"2D/DL2D00001687.jpg","89119","fc20fc926c7460772c33cef6bdd8b9515b7ab3a947477fb5b90aae6ede0d8803"
"2D/DL2D00001688.jpg","90295","de519a4b1e018914504523bfa1ddb4be89c77bb42a5d6f02ba4306368b6607b9"
"2D/DL2D00001704.jpg","88466","4fe84007341c4ed1a39f744ed97957ba52d7a18b68756cb1e48d74002f55c379"
"2D/DL2D00001721.jpg","88804","336b61a72abbcb35cc418a6d24dd45edb5bf568ca04f62171773c3b2fae1374c"
"2D/DL2D00001756.jpg","90124","e68051a85162778b2c0ef32b24e72f735ba42e7b7340c896d6c7f6d58e7ba749"
"2D/DL2D00001767.jpg","89475","746491624e395f3eb4a1052c9bcf612b1a1afb3bcd512431cd6e96a7141f8c42"
"2D/DL2D00001802.jpg","89522","dc7e27ba557df608a16377588dcb72351e32d4040817176cae02d1b2ed7e327e"
"2D/DL2D00001823.jpg","89256","895079aa665178bc9532a67f5062967de33bc6bf5f599d5ad91590af86fa05c1"
"2D/DL2D00001835.jpg","89922","1e7d0441dd0c92c7cb9ba47137ba387bdab64dc902e11d1cdcb91ef69c6ce683"
"2D/DL2D00001837.jpg","90275","249cf076c34ff403eeab24c62c5bc381a78f0e553cbee4d6eb1188d1aa6e4a46"
"2D/DL2D00001869.jpg","90164","124ec372f36b179086fcfe67462fe9230f922db2eb2ea6b0bec051cc2ddeeaa7"
"2D/DL2D00001900.jpg","90025","ba0c4140728ae218e729a498e1072b8f464c0bf17f0699fb38c220ab485783a4"
"2D/DL2D00001920.jpg","88753","a03db4fb25e24b3f7c7319a4cda4c50c70098f92dcc1521e13319c92a1e25fcd"
"2D/DL2D00001922.jpg","89146","56cb97811a8152b613b23fd62a1bcbbd138c0c003f54cce56733ac6eb3479f81"
"2D/DL2D00001966.jpg","88954","568d9de91db8d744df4acee82cd17ccd343000e6d4979f6a6d568545eaf7c90d"
"2D/DL2D00001984.jpg","88153","c3583579ee976897481f32d6b0906abc61fd8409844b5971a1a7ab18623dcb1f"
"2D/DL2D00001998.jpg","84113","4bfb83522a0cfbc26e031a0b54a522b761b7bdd1e298083b972974e0f4606184"
"2D/DL2D00002039.jpg","89159","6bf1c9e901d6f2e4b93abe9d0c69e8097fe1282ba16565eb5c2ebda4ee3b2217"
"2D/DL2D00002044.jpg","87886","372e9143af66bce25d055123875155e150bf11a50c2355be5cc74b028e7f4c59"
"2D/DL2D00002108.jpg","87468","fb45e17e2f741d777e2320b5662da589e9c6ed7d548962bc55e5c1c1fa739fa5"
"2D/DL2D00002113.jpg","85518","3ec811de1b20d532e4b6e86f0159aae9a1ddff7b0746fdd421705b7af9b4a4d7"
"2D/DL2D00002119.jpg","84053","0c881a36f4628bf944105b690390c3818719573396a96278982acbde18fe4b80"
"2D/DL2D00002143.jpg","87279","4116827abf4e47cb743e632240f161ed9960abb4db8c1f5d7bd663de5bd6428f"
"2D/DL2D00002145.jpg","87956","c9f371cdb7288e7b6e98abb6e205953409ec8e26128364cf80e864a7513f8cbd"
"2D/DL2D00002187.jpg","93426","90e3a885f31a0ad0e2035f2725f711c276631f6f6304042faae739f43f2a606d"
"2D/DL2D00002195.jpg","98531","d756fdbec8fc31a113051434b62cd5d16d39305520048a5962c2378c5ec21d7c"
"2D/DL2D00002206.jpg","19352","0ce7778941c514241330f9c6b5d226aa6c421804f1399a8d16553a6ff6715287"
"2D/DL2D00002211.jpg","19800","d98503a627059c1c92e356545214bbf05cb7408d940e44e53975c5bce68c4c87"
"2D/DL2D00002218.jpg","19644","c20264193f731835b67f5068f887941e812c8a2cd8f898b8622ec6669cb567dc"
"2D/DL2D00002271.jpg","24741","101ab44797976cefa9c583c4e45efe74142c9188a7f04c7d836b848894bcc16c"
"2D/DL2D00002300.jpg","88209","ecef7f0ca203d3cff3c47d99335754d0862766e42f9d50557a6588c6d996046a"
"2D/DL2D00002315.jpg","88044","61dc5c4a09bb49d5ebe5e3f05726b4d3893c3e53bca98918a206504aeb9326fb"
"2D/DL2D00002321.jpg","87874","24fe4c418a9ed95d2356edd423d3210f45e9ef4b9cbed96e2f621c34bf3e4ee6"
"2D/DL2D00002342.jpg","87693","1d9293c42ab75bc280f3ffa116808c199228988e1d5eb7c7a25cb949f2288489"
"2D/DL2D00002392.jpg","96933","d3f540832bb7e2467ae2ea01ff2946bc8cb9b222c23cdf033b0d60cc5e77841b"
"2D/DL2D00002401.jpg","88389","e75672ee7900581e82c75f098feb8bbc308575423d51d1d61c1f2fc1d92915c2"
"2D/DL2D00002410.jpg","87470","8efa1236ad19051272be3e8d7bf1b3bc47f09279baac0ffb9818053556ea0806"
"2D/DL2D00002423.jpg","87100","49e6ffd99d8d00e3ede5a5666274ecb47a2a2fce77a44e751771a2c7b6bbdf6d"
"2D/DL2D00002487.jpg","97947","0a54069ffcdf95b8e90cd952d0f2ed763146033426f6a6e970250a9266c49110"
"2D/DL2D00002488.jpg","98412","8fda5ab1e2f531696c2a70ce9e1e187891230abb87ba24bc999d647b0445bb06"
"2D/DL2D00002515.jpg","86766","962186683ab0990bd47a36ebd2f965771f2559575542d7aae780030b1d380c1b"
"2D/DL2D00002516.jpg","86856","50729cff836ece2425143e4681c4fdb19e6687aef4f70acb813d721607dec181"
"2D/DL2D00002562.jpg","95250","18926daa8e996ea5596c43614e2a74cd7fea71fafdebcf34ea2f8ce7df77d990"
"2D/DL2D00002563.jpg","94815","029cc4a0a4593e328d02030da8db0c22387e1f4cf8170e8d94ac09efc7aca353"
"2D/DL2D00002565.jpg","95458","d1018ac849a575b5257fadcd30a76b73cad9d58443cc676740d2ac492e564114"
"2D/DL2D00002571.jpg","95834","d8f3040ac4bb683e4deab7b9ab9d33364d609b4c44b5db2c0ad88a95d13255f2"
"2D/DL2D00002582.jpg","100321","5abb9a0f9751412b0eea509b794d820be5c6f2c6acd44b18c1a9ad6899ad6d7e"
"2D/DL2D00002600.jpg","86166","004ec5b520705321961ef19eff0f79070759212c618f44d803f2b8c7ef7fdb24"
"2D/DL2D00002621.jpg","87611","583d6ed2a98ce3a0fd3de1077c7914466642a8918f4ccf49573a1f51bdc26fe9"
"2D/DL2D00002633.jpg","90402","9f97ce6ed81b26d7364bcb312973fe182cdab2aed41cad015282def39bb70860"
"2D/DL2D00002656.jpg","97518","b73b0bb7d95661ed876809ab84bb069cd77b027976c852380343c44dd7263236"
"2D/DL2D00002697.jpg","97089","d45649e571abb02a7d4fd420da4ac9ce35ebc0ff86b4c8867715cc74e74e8e60"
"2D/DL2D00002712.jpg","88068","6824651ccb7a9a973307d08ffebd487698ed7f81e5c62efaea4d3a883d525700"
"2D/DL2D00002715.jpg","88647","ff2c5099dd51bfd976d14ba13a8dfd5df7e74a4b4bab3fde67dfd5ea9615b918"
"2D/DL2D00002717.jpg","88115","e4450bcbe56ed03356598fe742c4fb6c260a87e01d93ccac9104b32c8d5a3c25"
"2D/DL2D00002743.jpg","89033","714a2d5c6b9b960b2d635895f8aa648801d01ab932965a41bf7e80083e788b0e"
"2D/DL2D00002757.jpg","97646","b49f31afcb8024e7be3a03b9b05fb6a5d010a3fdb3a4568b00640eb752f95229"
"2D/DL2D00002759.jpg","99065","0faf576152a5d544abc55d59ef3101a8457bcd8050ecacfcee5c27a02618463f"
"2D/DL2D00002770.jpg","97251","415f81190863b03b61bc49b37ac04e0c5a40a5262fdd440a6ac984a097ba7429"
"2D/DL2D00002804.jpg","87361","745b26b9f0c3bc721d6aa788390d581fca3dc6e307fe5d0ac453fb069c3e8eec"
"2D/DL2D00002807.jpg","86588","1a5a19fa146a8c10ec6205e4a265c04765e80f2e4f70693bc124187e04d3de4f"
"2D/DL2D00002808.jpg","86411","4aed22ec0fdfd61de601436b37d81446ecd423c0523b887d2f1c4adcd0ff58d2"
"2D/DL2D00002830.jpg","88252","e100bfb0be6ef00f916849a68e3c70662d273fed4eb65b8b95406d9a6d762434"
"2D/DL2D00002839.jpg","87619","e4c76c8a0480f1270bccbe96d89184523f7a4ebad155e5b6f0cf119fd90a6543"
"2D/DL2D00002861.jpg","97008","476ec8c37e7796c3c3ca6003666f5a12e5af373bfa7b476f3d0ba4a1bad2067f"
"2D/DL2D00002864.jpg","94701","a1cad51674016119bc28eb91f84b57fa9c780685151cb80ec66e4fec39a44679"
"2D/DL2D00002885.jpg","95650","19338bbbc2f54f3d4e07d259b5744c95b3287fe38ac8e18570e578d3830443d4"
"2D/DL2D00002886.jpg","99456","856ac56a2557ddff58395b81efc19ebbff659c35d0405eb116dcb630c2769b76"
"2D/DL2D00002905.jpg","100156","a5dcc0e4c79a1933090dc87c3c40fcb84ee03090bac30b73e6ca0758ace1f41e"
"2D/DL2D00002914.jpg","95662","bdc5aae1ea84b38314457136fdfa38a48c23f9eac1bd6c2d9d17806566144661"
"2D/DL2D00002954.jpg","101800","397a11855742afcab7342418f4ea31e9887c714f42ff083600fb59ce66fe6883"
"2D/DL2D00002971.jpg","99502","84a1a31956bac475adb1a2a6360b8f1f82547a1754aeb82374d02a2485c7f9fb"
"2D/DL2D00002981.jpg","99811","0258e9387bb7ec5e56a8b7d7dbc2fbe618e477143da67a95a9121eb51d741644"
"2D/DL2D00003016.jpg","100376","ac44d517758e37e8b4478e35089d8e29b3b620c47c8977a4ccf3dd938b492e8c"
"2D/DL2D00003042.jpg","98638","8b5a2c2165d5856b9f5a12539811aefaeda9a17748e1b42c42698465cf47a629"
"2D/DL2D00003103.jpg","98774","249658a416b3e806a7fa18913afbd247bb5ed82eab8748a7768a9fcc5fb50045"
"2D/DL2D00003128.jpg","99163","015a027dc3027028986da7107d3c2030feb4e5759c4e666e3c009f93481d4d09"
"2D/DL2D00003130.jpg","99109","14cfc53dca323faa7a3df7736ed53e833a433959e6fab3d53ea99854270dba1e"
"2D/DL2D00003139.jpg","98223","29984fd52faa063034bbbf8aa0f3dc957f1e30a8a80078680792519bea3e1330"
"2D/DL2D00003146.jpg","96859","78ccd7e274b958cba0eed5639773f81b4fb0b6e837f816d0313b4b6be996072a"
"2D/DL2D00003178.jpg","99019","7e2774c977f9ff6c1c12d9ee23e9386fcf253a0da603c389e3757ce02b5e4dc3"
"2D/DL2D00003187.jpg","97201","c9a09e2a407ab5cc065a560328192c9b47407a1e2a488d256c567fb46988fa95"
"2D/DL2D00003216.jpg","97508","e7c1ca7129f2b3e431ba70837d33d4315fc696c84c26f8d49c803c6c7a3f0f85"
"2D/DL2D00003218.jpg","95779","c071daec22b7ec4cdecf76fd24205a1c7bf5f60c392d01d354aff04da72a61d7"
"2D/DL2D00003224.jpg","97832","ead0f178439082b93cca80673553a91d267f0d17747b25e2ac8f30967b30e1e0"
"2D/DL2D00003259.jpg","100588","57e08c26478966545e929aeeba748250a90dc61386ea65b00bf2bd68c7082769"
"2D/DL2D00003281.jpg","99793","41d198775ba639c29c887e9bf52ed39d89ee718106135169cf9e1e0d1ff791a0"
"2D/DL2D00003285.jpg","99643","5d07df743509ddf7eaffd132ca319d80f6b5778d303481a4506227191604a312"
"2D/DL2D00003289.jpg","98856","9791e5f1d70900e05dd56f0ba251e6c38628272ae98a1e0b672aaa72cb005500"
"2D/DL2D00003303.jpg","99846","7c93eb71220431840e0da2ed7d6352d82c0c603b7ddf50aaf906e12c3ce09f2a"
"2D/DL2D00003310.jpg","100390","29775baf239cbd72df0071cb9c0a5961b534ec2120c97755d395c07550e713ee"
"2D/DL2D00003359.jpg","99574","11c1800bd38ef9b075f13e45cbb4af63ce6c7f6fa1846ce9bc23f9ac6d160e45"
"2D/DL2D00003401.jpg","99504","08f13c55ac60e39bc8bc983c4e26232c43184456df591fd272fe33d6b976b59e"
"2D/DL2D00003433.jpg","99642","41b8267e64aaecc3b29e2206729e18fdd3774cc75dffe8976597628fabbc8bb3"
"2D/DL2D00003456.jpg","98371","513f7e5c77d9977ce19eb70d126c26cc23eddd8d4658d209562af4ab3a903ed1"
"2D/DL2D00003463.jpg","98238","b3da0ef94c487ff1df4d1ea25ad995ad0128119151493d4688d79f38e8fa6ca5"
"2D/DL2D00003474.jpg","98278","16c49a07574d95e946427b768a4ad033c692118c677c88ae7156dafef3565786"
"2D/DL2D00003478.jpg","97937","434e5e3a24cb3207a6e0f08729e06f3a3ce1eed578cb5008ab24719cbf21d292"
"2D/DL2D00003484.jpg","97854","4bcabd8966e159ec0bb5741a9a5d45826a7356c2be26c8f1f99364ab6073a925"
"2D/DL2D00003549.jpg","97936","46c57f12e4b1ad21833dd98f544c601ab2db68fe90b7f713b336a934f496143a"
"2D/DL2D00003572.jpg","99113","b88aadd98cc91e4cca399a914fa25ca7a7838ac2f748283b83d1e876bad43d6c"
"2D/DL2D00003606.jpg","99775","55b6c422679af9293ce11c779cb51c00e864c1313b3371ef1c97b07bb069c611"
"2D/DL2D00003608.jpg","102169","19a56c41746976d8e212e6df4e21a99b4b7df45f852eddfa687a5b14bcfa9fc4"
"2D/DL2D00003624.jpg","98057","443f6f0a2be765c3193c362d0c6bddee6577c658fb43a14dd1dd16fa3eb76552"
"2D/DL2D00003670.jpg","97464","993acac2ea94bdc8251b89057d9928383685a9f072921ff9d89a66358f4be23f"
"2D/DL2D00003678.jpg","98341","80b43cbaea7a1f66c42dd78ac3b7399d246a532b5b4809a156edd9dfe8be934a"
"2D/DL2D00003683.jpg","98508","6d254bc03d8c4f6f0f93cf4160419fb13a05647e834cbd6eee0ebe41ec1a1a66"
"2D/DL2D00003716.jpg","97810","c008dbdf8b1659bddad8422d3677dd68b86892d7bce6d569e44064257643f6fb"
"2D/DL2D00003722.jpg","98138","2301e065e5950810bd3352c700f3c45f718a8a981ca294567c468829aa883bf2"
"2D/DL2D00003735.jpg","99376","95ac1073c215d6fdace8152ba3dee49ff3e5e23c4ede379c0f569099b420b6e0"
"2D/DL2D00003743.jpg","101750","9706d180617c11f7bc882ae436acc64ddadaec249c5c355aa25a72c8d65ea9ec"
"2D/DL2D00003773.jpg","100770","980a2c6e196cde6489db378f8e5f4647c00e5d4b4948b00ef2db0a6f0f931cee"
"2D/DL2D00003784.jpg","100913","5935d1f2cdfe2d157f0e3263e889ae70dd559bb81bbc9f9b76b691c28e96d432"
"2D/DL2D00003786.jpg","100812","745e92e77f42076968007fe2eaf48834ed9bf78b94d755e4097d3c45ca061d7f"
"2D/DL2D00003788.jpg","100526","26dfd6130b5559d5636a51ac28a43746ea12ccc24491271cc8c3537945c7cc1a"
"2D/DL2D00003812.jpg","98518","fe382cc9e84da28ac43042070e95c34d4733f2e34e3e03782744c9fd905007e5"
"2D/DL2D00003825.jpg","98800","9fbba5a636b645f8de62b69e62a2929435f0dfcc7d3e98f3c8306d7209ac938f"
"2D/DL2D00003834.jpg","98558","b6735e12fac801b857d0a405b20ad3442ee07b3725fa9cfee7caee69c6447bbc"
"2D/DL2D00003850.jpg","99106","8431690c4eab4258356d002bd708b9b617d0094ccc4b9786a533b3cc5ed833ac"
"2D/DL2D00003858.jpg","98275","ae5ba7bf23d6744b376fc9bcdcb79d3738e2bb98866b2b5bc5082aa618325464"
"2D/DL2D00003889.jpg","99077","7989a63148a985a832cfafac2a2f3e7ae5c6543d81ccb8fc3144d7f9a04807ab"
"2D/DL2D00003909.jpg","94538","ab6d931590cc97d02c19d93e253d2c25bc487855d3b839074645db0e1675fea2"
"2D/DL2D00003927.jpg","94845","8722b32b71f6e15331a0f54137e1bd620d87da4bb9eb46c972e10cf828d404fc"
"2D/DL2D00003942.jpg","93780","1c13c9a5a7e0b92f94e0c094d130abe7367b739707f2c4827311451ccb649690"
"2D/DL2D00003962.jpg","94613","2940ceaf237958811a8f2ad41848b502d1e150f7f3fe86f4d8c00f5e951a76c7"
"2D/DL2D00003986.jpg","89405","bb5d505163320726ac562b58bfdf37e6b8a0f12fc18fdea3cecadf04706fa1cc"
"2D/DL2D00004002.jpg","94713","d5e193d69d633d4e9ca0156ec1d729f2ce3203ad403647b6a589f15271ac6b7f"
"2D/DL2D00004010.jpg","93328","44ba920bef89bc1198832c2bb1003e86390753e5aa96d58de8bbd6a23735b439"
"2D/DL2D00004017.jpg","93645","4721a141934072e54335a67e0f03746bfd3b5ac95c777465c435e664c066b78d"
"2D/DL2D00004024.jpg","94154","bdd75e72bb7c7f4f129d42e37f43f140b9a94918b7dc77528dd6076f92d382e7"
"2D/DL2D00004025.jpg","94154","91b202e75656e25a07f754d03fa22445aab95ee5633a3f784e12d59c19517616"
"2D/DL2D00004086.jpg","85899","89b69de9a83303b211e32b21b9df461df9c61353d513214bde399a29defd83f3"
"2D/DL2D00004093.jpg","85995","efc48d554de746fb4f4c17a9e0e40ca4bf7e5a136177a086365cf91249a0395a"
"2D/DL2D00004102.jpg","87124","49f5311244b2303df1799ce9ae25bc9cea3cc2650136da3b0b28c9590e9aa957"
"2D/DL2D00004106.jpg","87593","af4be599465f3313575e99f6fd34e3b20553a791e9a892c6b254d9b3243acb54"
"2D/DL2D00004169.jpg","87327","ab83ae6bf0dce78b6060b2c954499ffc20194c85a279a8cb0a2e2a6b61e7a14c"
"2D/DL2D00004187.jpg","19286","197033a665dc38ee7eb290131e8457646c4d961bdd06d3d7f8fd581c9b476ad4"
"2D/DL2D00004190.jpg","19514","9705b88074ae23a5bc3cdce20a6314b45026bad6ad17f504192ada466eaf991e"
"2D/DL2D00004207.jpg","19329","b5e37df32dde21254b10f6a6cc54450baf0f1670a856d35d2365842cf7c59309"
"2D/DL2D00004246.jpg","18552","cbcd06bae8bc51c382e161c95432ce759a05aca224bdbc46e3aaa3d00b7ee332"
"2D/DL2D00004259.jpg","20543","136e1f9c6fe4a391c2cb083775039805ba759c3df92e7a64a0f5a0e47f2acfde"
"2D/DL2D00004265.jpg","18913","3f3ece72cdab81bb97be2322b1a7bde1a367f73c21ddf0a97b1bc9e9383a35f9"
"2D/DL2D00004269.jpg","18701","7f2fb44e2e372b6755a41d67867d5725e56cd0c07a5d7e07bd6bcb8598e136f2"
"2D/DL2D00004275.jpg","86092","2ded35f170b60f23b18b3b471d3c259c47a1754493276a3fb29c732599ed6488"
"2D/DL2D00004277.jpg","87385","60c6462f6d04a70b331fd4b076f91cadafd7c2fb2df4456c65a33d8b20e1083f"
"2D/DL2D00004297.jpg","85192","6d16e2ca68f885988eba121977442af8d571395a4713c0c9234bf1f22e475802"
"2D/DL2D00004310.jpg","85596","66edde2a0140a28287c95d49e54c555fe0aa712602dff44cf42171213250bd5f"
"2D/DL2D00004346.jpg","87872","6b72a1a2ddd655a09707c440fe07c416fa3ccf2c595c6571b7af54054ec23ce6"
"2D/DL2D00004373.jpg","88020","6f0f6ed96865a8e17b41b80a0df302a724a7f15ffd8b413d0f05d85e898d7fe7"
"2D/DL2D00004411.jpg","87098","891ea85279d90b3704398ce54786fae6d1daf814298288d443a224e7d65948ca"
"2D/DL2D00004415.jpg","88776","3c4c0635d9dea9895f3d82cba4e565f13b22ac394c13801b3cb693c07abfd1ae"
"2D/DL2D00004445.jpg","88388","c731409cbef5a11c6ea8d75ab675743597c2a00a760b917f7738fc9922f3d0e4"
"2D/DL2D00004449.jpg","88219","068f5c53f8ec7513a17002462b361e527f13d91b34999d4f1c82dd988efe21c0"
"2D/DL2D00004452.jpg","88559","f5f9b0a232e3d2ff738e10d84a09a74f0a8aa9a1ffb15987f959908ee942efb7"
"2D/DL2D00004454.jpg","87689","f2cadecd3541e0f6a2b65769557a5b2f0f45a9707d677cc84f23b775f5224453"
"2D/DL2D00004483.jpg","93442","ba125bf722202f4feec25f1e1fef288dfc3fe4906446ac09e859c0e92b4d9b9d"
"2D/DL2D00004493.jpg","93021","2a08a862fdc74ff66e3de380f11dc65e40491319ff464a203692ecb410cf08b5"
"2D/DL2D00004511.jpg","79442","4c91ab326732fbf9578b265867ece40ec25a73fabd07b3a783c3e8b620967b28"
"2D/DL2D00004521.jpg","82161","ca65443e1d6a23360b49dc424da5408a5046663f4810dbacad743111fa81b47b"
"2D/DL2D00004546.jpg","80525","1308b579eeeab0849ad2b76a4c8eb59b2cc97c701430e1562ac71a538972548a"
"2D/DL2D00004553.jpg","88004","72fe77337e8ee79db41d3a23d1093f23dc7ac89455b474523548133e3939075e"
"2D/DL2D00004561.jpg","85637","617a55674cf8303fd4680c08635b7e61c2700c12babc62d8fa333fc32f6a5e0c"
"2D/DL2D00004594.jpg","46129","0e59fd11ece51a7e36124280a03b49e0f2e3f98674159e1f96e0efd9e352b9d8"
"2D/DL2D00004608.jpg","44216","ce318e74ede151a3a8014fd2c90b52666cca834b4362fe5574c6fab1d08fd1be"
"2D/DL2D00004630.jpg","47191","927514c201d029a6844cadf5a018094286076646ce6cc92249efb22b53812fe1"
"2D/DL2D00004651.jpg","45174","411ba93917261cc6344d067ce8e8ed21af6ca930f494dd1f9af582ff27f34ac1"
"2D/DL2D00004672.jpg","46147","0e0f69939996734f8d1ea605d6dfae5e9bc9b6ab2c3f35c7ba9d9a31789d5bfb"
"2D/DL2D00004693.jpg","45041","ca88a9ccc2655f8c41148064ccab1033e35458b244876051bf43da74bb2a1156"
"2D/DL2D00004707.jpg","45537","badb807d3a7ffc72e4e18fcc6d4e2bdee04cd082c15fc45ca458322c9793871f"
"2D/DL2D00004722.jpg","45149","34d23380e8f8baf0ef3a3b932477ef3880061d4d9de1a49c738443fbf014140f"
"2D/DL2D00004723.jpg","43963","b0495c7db42576500fecda95cd55b657b6ce8567cf40901737af5b1bd14ca3f8"
"2D/DL2D00004764.jpg","45073","8bc3686c35c562bdd0e85c398585ebfd56401e9a366f2508abe7767e94f402b3"
"2D/DL2D00004779.jpg","43489","1ac3f5d2c025b2d426c24aa62cf01cfff10f68d55645ef861b8ee18943b26f2b"
"2D/DL2D00004785.jpg","43244","7b86458e91b74a41c72af9996c29366f14695ad08eef813bf23098487bf8c883"
"2D/DL2D00004804.jpg","45772","d6a88b324bdbb226225528fe4f52433a2e2f2f31602f7df7e61b476adfa2aa94"
"2D/DL2D00004890.jpg","41803","22aeb68825743b9faf7cbcc58cda273937d512858e0cbe38e1f81a8ee2b1fad2"
"2D/DL2D00004891.jpg","39397","0e0bc21d07471cd530449bcc97f0b23cf52c781bfea4a57cac1b8de7a0f91467"
"2D/DL2D00004903.jpg","36646","daff40e724539a7e814936537cd4be990dc3b2b57a9665f038faf834fb9d58c4"
"2D/DL2D00004904.jpg","36576","6b3c79eb9ec32856d52239d7c8b6359b3c07adbea728b933e9b8177e2dfef87c"
"2D/DL2D00004911.jpg","35848","c34e17e6e1e326f1c548fa6208cc32753c521fc8deb07499805f26f098a20a4e"
"2D/DL2D00004924.jpg","43439","7874d8648ee97c2b2937955d85fe3efbb24c0857dec13f4ff3edd6af815b2c97"
"2D/DL2D00004930.jpg","39005","dc7ed633c672b9c9fe9181887d7252e97c049bfd8025fb081be477b746a473e3"
"2D/DL2D00004934.jpg","38185","75129d171ed9ec3847d3515daea9c3f9f5fcd644c05514b4d4baea0e834f7f1a"
"2D/DL2D00004976.jpg","43207","00d4738b3d90bda6df0a1fd8d8b2bdd9064c27d9f2e405743d271e45579713b9"
"2D/DL2D00004996.jpg","43565","026d578ea7ce88f4e588edcfca0d482b038694ccbfb840ae6d1ba12a8a77a849"
"2D/DL2D00005018.jpg","43111","1feda9e99a4fdc136c12827b8a7a0908f4e44e921919e3f25fe392134929dbde"
"2D/DL2D00005027.jpg","40100","b5aabb525859587a73184d025cb09599fdf3a3d675356967d58006dfa7009b4d"
"2D/DL2D00005042.jpg","43973","df18d44d7acbfcc7a9f3ae9eb6dce804d6324aa13d5a1f87d6a3541589d894a4"
"2D/DL2D00005046.jpg","42445","a4af1f9e8fb89419083678e8f05b907707145a37a857296fb6fd5785eb6ab422"
"2D/DL2D00005061.jpg","43068","d5250ddf7c6f7f93c2c6c3f20f3a3c3952274e249a6059811bcd976fc85c6a0e"
"2D/DL2D00005071.jpg","45332","1e1e6751feba2e0e33600a14b7922a8f7232c850712c8a7d4d0943b98742cf39"
"2D/DL2D00005082.jpg","43427","622b89f4f0ed8147cfdc4a31b6a2cee87d69c1ef9fa6aac0c0c16796e5b6df8c"
"2D/DL2D00005100.jpg","45419","c101b75fb28e4e6905a7d815c749430f382c1a777fe252f50c2d6c5f84a5bb20"
"2D/DL2D00005114.jpg","43524","cf909cc8ef1b00ded2f95e7272ea028bd0a0fe25a115471a935e338f4174f927"
"2D/DL2D00005127.jpg","42853","213c6879a062de45ebf90be975a626bdbd42aea0b3908454c6f8b16b8734b6ad"
"2D/DL2D00005142.jpg","44043","f37acb8f5835d32cead357af4c72a853404c713037b29158338731bb827005f4"
"2D/DL2D00005145.jpg","45867","396ac19bded03401e65c32a8c6a058edaa8a9fe48a3b1639117b7b0d2380f45f"
"2D/DL2D00005179.jpg","46072","43c03bdd3b5cb2bc339563f8c86b0ca693a55dec5423563d17796320d688a505"
"2D/DL2D00005180.jpg","45393","1e59b48a75247eaec3850f2b837f53392b4ae674c3d9cdca1853a78ab9258ab2"
"2D/DL2D00005200.jpg","55200","41696cb8c4410e2e113e4c6de22d49dc1a515593d660db855c3ec815d8d29ead"
"2D/DL2D00005207.jpg","37167","c8a12f1007812dda8269dc4d3d6870de18f5d7c23a981311cb22209a35af589e"
"2D/DL2D00005218.jpg","41263","a8c2e03bd705091b1a41ac9feb9bcbbf3b475b5977d72c6c30e82d78b9c85ed5"
"2D/DL2D00005231.jpg","46220","e38ab6ffd8e0023caf6ef762e0f2b8a18549fc371054fa6ffe2e72df0bf91627"
"2D/DL2D00005238.jpg","44282","4207c2021f08529a89aeccf4dec34b921229c14e493dfeb5baccffffd8eae5e8"
"2D/DL2D00005242.jpg","45475","4c45235ff98d635a445b55f2ccc9790b9a06e5c7f42505e7bd6c328f8495e351"
"2D/DL2D00005251.jpg","44973","d58b68fae8d78b9344cbbee013ea19f21c1762a8b5808f876b44d93fa2eeac55"
"2D/DL2D00005255.jpg","46123","899a45a26224b74ef2f121a26374a68fbefd92d7543bb910e70b53af0619e5b7"
"2D/DL2D00005291.jpg","44365","d5f33baccd636be16418c9233bc1e571488f7aba47b1ca078dac4f8e77e556de"
"2D/DL2D00005299.jpg","45563","ecb5f6cc113a76e75d131ef4b96bcfdba143cfdcbdded8e7bd7493895098b86c"
"2D/DL2D00005314.jpg","43341","3451e90b7cb68ae08425f56105cdb3d4455a9be3193b559517538047671a1aa4"
"2D/DL2D00005336.jpg","43892","fd73af2ba918eb54e987b17d37d5a25f6eb08e57864fc25c0bd08687f887b263"
"2D/DL2D00005338.jpg","44407","f23b0734634e072f4db42309fe5d916dfc4567df08360ae4fdda9eebe1b2c6b8"
"2D/DL2D00005381.jpg","44890","99a09d28f9f67e97703e196b8fe3258561011bb4cc580aaf279cd450e240ea78"
"2D/DL2D00005391.jpg","46598","68b2e71403341c47b62d051db55891df1da271c082d116037b281634289f6193"
"2D/DL2D00005409.jpg","44719","113520217ce5298a1c66c9183e47aad317dbbbaa1514aca45d53cdbb647701b0"
"2D/DL2D00005411.jpg","43804","1bcb7ac1a94c5a9f54b450c81c6bc29cd3457f67402f9f0633c4f6bb9aa1cffb"
"2D/DL2D00005421.jpg","44154","e436cd595322242bafc804653659cc779aa1c07b7a32e5bd7945567e44dae21a"
"2D/DL2D00005435.jpg","44585","aa148c6b783a8ad9b39eda0c80ab6c86fd030df11f6b2ad76ac5712718fb9574"
"2D/DL2D00005468.jpg","45356","918d6eb2ff467c1f486128886cf0e4b5d06bc2c6f2f806cf8f3cf81716be497c"
"2D/DL2D00005486.jpg","44829","c87246863ca265b66495a63fe0c137818b1a1726b910f0fe799e8809409a938a"
"2D/DL2D00005489.jpg","44580","360b84bd3167632fc1de2db0650e6090b264f5f232673b35e1ca464fdeb4c196"
"2D/DL2D00005513.jpg","45463","c1a70c34b0700b3d053f8015626e81f2cc00e9724bb472f4a1cedb062df84ebb"
"2D/DL2D00005516.jpg","44422","f1dad5318affc53f478fd9f491c079c7643d930675c817d318ecb2e836c7b9de"
"2D/DL2D00005517.jpg","44580","d98865bb9113bf46f677557592a44de21d02fd5c7ace6e1ba1f538bea0c18e92"
"2D/DL2D00005522.jpg","46203","5526bd957e068fb235b41402b3dd4f4d859a11b75c1d63e068636f26f1736461"
"2D/DL2D00005565.jpg","45907","075c51d745fb8f80a605ec1f4399358327634ec5972ee500def0361f200c7eba"
"2D/DL2D00005587.jpg","46686","6ef61baca7596fa7e64e03f79229e82a280f9d140693e17b835b81395fbda5ba"
"2D/DL2D00005590.jpg","46393","2ce27115f574b5b40d3be9581f69a7c52d54438d61aab728711de44e1433cea8"
"2D/DL2D00005596.jpg","47829","0798dbc4d97a50b9aba89fda3974268eaa43a5c0dc1fa6e56ebc2f7ecf326b2e"
"2D/DL2D00005609.jpg","46724","98ffc9f703d2c3144447851a79454bc7175ecb0e65c6e3d45352ceb1873e2759"
"2D/DL2D00005649.jpg","48260","e3fc3560434b2fcdbdbfdbb447e99392a858152ba311e7fe1f75c4a482ba9f4f"
"2D/DL2D00005657.jpg","45508","7d54438e376fe0f071bc528545c9d10c93aef11cb7724bd4496e6b4331b0f11a"
"2D/DL2D00005688.jpg","46127","ce04c86b3e8d9a6cbe267e8013042a523183728f958363ea95733af445f6ac57"
"2D/DL2D00005711.jpg","45972","8c61a8c041099d050d3413c56843f95266e802ecd22aa86b6ddf5d89afa81279"
"2D/DL2D00005766.jpg","43123","47149af5d100b226d1112ed4f1dd132119576cd38760ba4844a2b2a4632885ee"
"2D/DL2D00005787.jpg","47919","3172cd20fc44c417aad73af0b3eedeb9b0c0fc812602f4880a7ee2cb33cf1d25"
"2D/DL2D00005794.jpg","42028","1cac011a0c4a1fdfe8a2244ac224ab19a4664311da6760fa79185e55fa1bf267"
"2D/DL2D00005806.jpg","45056","9c6cef80d569900ffe655a701216ebb49b10590c55c34aa2671a6449eaf92fed"
"2D/DL2D00005811.jpg","33413","1db6c6415a09f5c5e8471e01da9b52a258d2993fdda85da36b93da6bf54e3e10"
"2D/DL2D00005823.jpg","38382","36bb756169679b4cadff9a556db180b7736816c14eab8232fe2f13cfc42a6465"
"2D/DL2D00005891.jpg","40501","5d4422edec9cb2822736c8109811e866f0f4a7fbbe718eb177b04491b4b7cf6f"
"2D/DL2D00005918.jpg","40862","3056577dab1de26d0a4e68d33d96588219603c679ccbab30b301ac5bc1d4a4ee"
"2D/DL2D00005934.jpg","51351","ec98eb086703ccaa9c47acb0ede785d8b3a628ca7a138706058437a2e2dd8d53"
"2D/DL2D00005938.jpg","40651","fd1406ce8d2991fe387d81e7d97f43f92779651a8a54ec1b42226f06e31617df"
"2D/DL2D00005941.jpg","44286","aa2e3969693f677e0e83256e0060a4d249830a9b64253ea5c1ba0dce166e9c53"
"2D/DL2D00005972.jpg","37977","c3b87b9dce104b4a1a495a8ddc5c7fd26f120e0fdf8bba91a900e0bf4c9f1e26"
"2D/DL2D00005975.jpg","43836","c1411b00018f21436b0224c5f4aae4025d0267128324eede098ba432be4cb24f"
"2D/DL2D00005992.jpg","46887","8c1ee1cb25d61bf542435650892d0abefb5caf720df227096ef1ba70f196e3ae"
"2D/DL2D00006004.jpg","46408","61afc75626bb6b7818b16c22e82e718053f182b9916bdb5b6c9087c8aa4210ab"
"2D/DL2D00006043.jpg","45134","df99cf8356977ce438710ace18a9cd1ec7bd6503216b80d718df48080b907dbc"
"2D/DL2D00006046.jpg","44281","102189fd76df9463e99725bf03082e04849c513f6bd348a945ffea2bacaf2b7e"
"2D/DL2D00006051.jpg","40556","a49c2c221936ca01de9193e6e868ff560e6813ccbf4f06b86cf357036af579b9"
"2D/DL2D00006074.jpg","43140","c9d3aea3cf1967383d2984ddf8a63b6139c9a882c46f97c74ef020dceec7ee7c"
"2D/DL2D00006126.jpg","42045","b0266caef25d3af9a795a35a1e95ffcd6b1f355060edbf9c9dab7bfd1170bd43"
"2D/DL2D00006134.jpg","46086","13c81c2d85d02e7682c360cc58b83448d881af8f233a5885e8383f9c4185c359"
"2D/DL2D00006137.jpg","44403","07cee88dbb31f2c157d885af79b4c3f4d778c2fc915d771dbd4828f1bc99a83e"
"2D/DL2D00006195.jpg","41553","68bb20fb35d8bd867406625f1e97c02837e86ab1de5a33db0e013944c078ee82"
"2D/DL2D00006205.jpg","42131","776fa1eb589116c96a7f7e01bede1dd307f5bf45b1788dfd875ac2c9e6090bc3"
"2D/DL2D00006253.jpg","44355","96b29df28f3d67261a1761698dc18534f4464d06aa089c7fa6c96aa556e28b30"
"2D/DL2D00006267.jpg","44957","d9895ad9b683709a6d7d624cd07a2d10eb6e6288ff6f1b1054adf264c094b785"
"2D/DL2D00006270.jpg","43940","4f57bc885be3991290aea974e979ee39cb37b387494d246b3801d284d2ecbedb"
"2D/DL2D00006335.jpg","44267","d372b9341a98672a7697106e9e3637f1dc669247d7c8e5711cd5013024ed4985"
"2D/DL2D00006355.jpg","44619","a284a417998b33a5471a19cf207661f7596fd6c9663aff49ec10ca6aacc04beb"
"2D/DL2D00006368.jpg","46156","d1e40a9c2ef437b71e178586f55370705f70129c9438061abe307853be4aa600"
"2D/DL2D00006373.jpg","44760","24ad673374cdb7088aa7f837944e8561631302bc7f785019bb2738a47987f22b"
"2D/DL2D00006378.jpg","46215","528ec1f587658c7b1c9a7d82641523732035b63e3884de0dbbba2ac1cbc705e2"
"2D/DL2D00006387.jpg","41272","3568437a72bd7164a9190b5a75a7e6a6ae090838fd04da79c2790634a0dd2a6e"
"2D/DL2D00006391.jpg","46354","dab4ee6dc9eb5d2d6cfc5b4a0f0fdb098b536a53fb56f0e75de52abe475841fc"
"2D/DL2D00006463.jpg","41720","d53502ee066815c50aec846402eaa9988e160cfb3da0f93d8fbfaf65723124a2"
"2D/DL2D00006483.jpg","44091","1d480e2d69fe07aacc89888ba01f34db6b61ea65fc1bba0ab77189dc166fbf81"
"2D/DL2D00006493.jpg","43584","ef062ed11ac9e86f5c800f234539a7ea123ee6705ed03b8bc06141236985f0d4"
"2D/DL2D00006497.jpg","43136","756c6744332a1acb60969c513bc40fc3beb51c2dcf732cf2062479760c366da8"
"2D/DL2D00006498.jpg","45081","54cc8ffd1606b18696d1b33b65d97d8a69b956c906fdaa36ed343580dfc7dfa5"
"2D/DL2D00006499.jpg","44592","d068e2994d09c358ac3afb5875bf2ce204a180f89ec4223bc03e852c2d56f0cf"
"2D/DL2D00006506.jpg","43976","048ca74482db33a1d77ee0305f2ab7abb521db7d33b141fd553d5cf29ad6583a"
"2D/DL2D00006522.jpg","44334","a594dcd7cbf8936896cbe8ace65449822ecca1efee2791b98f4cae7da85d36b7"
"2D/DL2D00006529.jpg","44498","35a01b4777ff1b5dec834d5b242de51edb1db7d4011358f82aa8b67a081f5595"
"2D/DL2D00006571.jpg","45548","ab656bec68e82922f6c9f8b085af54121318fa39ca58e7c83d95d69d1c5ad302"
"2D/DL2D00006574.jpg","45630","d418226e67a61b2440ed5d34f2a188f2d6b06c644f6669d5ce351359e7d641f4"
"2D/DL2D00006579.jpg","38751","dedc35d28444913a2e6f57f399ca9bab91552e4ce65fe07bee445f0cda5b9387"
"2D/DL2D00006587.jpg","49647","1b9ebd2964668e1b46251960f4968986167ecdc94b2f5d03a6b7f820128c1b9c"
"2D/DL2D00006604.jpg","47832","613e28cd38f3b7518e61448760a0d4b3b4d3d8b3507c4a6ec5d205b99d783e1c"
"2D/DL2D00006613.jpg","49790","0c254aad5d97c41c555dbddb31112ff41da76d1b270470cf5927b7d89c615478"
"2D/DL2D00006624.jpg","45320","947c9d64b4a34bd846832d36574783a95ff38b83c79cf026cf5a2bcbb87fe9fb"
"2D/DL2D00006631.jpg","48945","ac9024b054b2351b8f0093acbd411d5bccb3516f00453e53623fb6ce84ce0013"
"2D/DL2D00006652.jpg","42349","a927ab0c38218b4029ef5487bef21c141cedb8cdc4718cdd647b87e38bd347e1"
"2D/DL2D00006661.jpg","42196","974cfc557db6401748dacc6dbc918ce4ccc12225784abdcce7ea0812c3d8629e"
"2D/DL2D00006713.jpg","47047","948a3b6bb2051af5e1ff6b5da99612961cf94ad0c5ef59060d91dee942f59319"
"2D/DL2D00006715.jpg","41603","969a6aedcceb3b80dda3d0607369c90a9982edd7d6c0fd241d7643ccd57e7e77"
"2D/DL2D00006725.jpg","48209","c867efcb993363b458b1e2688aba39c69b353916662fbf9c607276d6228a910b"
"2D/DL2D00006745.jpg","49188","e6eab63a9055d2e2a6cadb80cfd60ec740686cb8a13cf12e7db7ddb59a55375d"
"2D/DL2D00006776.jpg","49474","a2430969385cc86098d98dcc4aebb107534b39f4a47d4552efe8fc2990515b22"
"2D/DL2D00006778.jpg","43163","7fb823833d619f807f162cacea292aa05ac8fe773321d0ee6beef89962abf6d4"
"2D/DL2D00006786.jpg","49836","3d2e044b59f94c49671ada0c35011b6e0ebffa88eae009b3430c2a0e6ea0380f"
"2D/DL2D00006801.jpg","41810","283126fec66b8fd5bbd511e8dfbcae8ff0f30d0085c6af05ca2d42ea2621a7c0"
"2D/DL2D00006844.jpg","48014","35c4514f9110dfe8f236ce4b4e2820fb3cb89b4ad7a0b13e28082f3abfbe732a"
"2D/DL2D00006884.jpg","44861","8fe3eb420271667eda818d27eb31dde85724f9af165b30ea8e976367ec98e59c"
"2D/DL2D00006905.jpg","39291","2dd1cb1c1763282ec4fd392515fc6bf91e484f2bd501434f9269701e9c8d0a1b"
"2D/DL2D00006911.jpg","46087","692fb7af895bb4b4d3c9bd96fbaa133383b2ac0873dceaa235bafe113a6499ac"
"2D/DL2D00006931.jpg","40810","3ce7666a927e1eda652f3f58814cefbe38e74eaff9c1dcf0abf9072aa8f803c6"
"2D/DL2D00006932.jpg","44682","e06069e2b6e693552bc8f83ce53d3e0beec85035c48d02767bcf802bf7a1f91d"
"2D/DL2D00006955.jpg","49925","96d10677f8087a75d6777755ca050de84004513d992544c55289d257cbb94c8a"
"2D/DL2D00006961.jpg","43727","b2ba4aa07f1df59bb7f385f48331b5fdf21efc8333cb54609972eadc5307de52"
"2D/DL2D00006968.jpg","47819","61239345c07f2620ec06451152c4ee5e192dbaf2f8eb411bbaadec20849e06e0"
"2D/DL2D00007032.jpg","44759","cd6d131e744d3521fc6492ae47e9a1192e51ee9ff69ef76bd0d4a1105f1a48fc"
"2D/DL2D00007035.jpg","50441","5aa693a8bdf5a5d7309b7fd0f4dec02bbf10c609b4b69d90bec400e7dda50e15"
"2D/DL2D00007051.jpg","43823","32b3f9cf9f81a1c45baf0051ed579d634c58975eb98f339b6ea00bdbc5ebf527"
"2D/DL2D00007124.jpg","47174","3366fd2731603c2cd7f621f54e2828bd3cdd57fdf3b4436936eb0012c630deab"
"2D/DL2D00007145.jpg","49214","51da2a3d79516b7ce499d2178e71db0b16a7e19945ead8b3e4fd687da211e9bf"
"2D/DL2D00007188.jpg","47844","9d2bf0e836d9c473a8192c5bac8cc8b16eb222478edf5c02ccc0fb253ed61349"
"2D/DL2D00007190.jpg","48405","3e6de9b0bed80c05c0a407b5713d112f3a8f24524b4a6fca5e1e75b3270180cc"
"2D/DL2D00007218.jpg","47960","2ae17834233e0dcd63f6c51b53ca4be43d69bcb306e318d644d65ce1e23b3352"
"2D/DL2D00007247.jpg","46428","7878764765cbd87268afd2c63fdf55e933bc56a5211dcff5e8dddfa1b5595abc"
"2D/DL2D00007249.jpg","44344","5d3563b23be83941e57555369aa01c822ff6a9ef88fc0d020f328d132e026ee1"
"2D/DL2D00007254.jpg","49760","ff9a299eee9b5c99549aa536561e203c5d90783b4e0fd259b25473d1ab80cc06"
"2D/DL2D00007259.jpg","45938","7a4297a317944606df5aee4516ac430d587614af0aa63f1a9b97ce9359f3a64f"
"2D/DL2D00007278.jpg","42609","9878831fb14325df145a493b01ee8ad1ff9c3e8ec5eb2b45d31c2f9b41e425a7"
"2D/DL2D00007312.jpg","41382","a77be66da384f3c91172a1c8ca7487ed3ebf042af7c4f9d5b02dbce75433f89d"
"2D/DL2D00007317.jpg","49522","5e840c3b6fe479a5147f3c110c112e0bd40d68c6db178815d8a189dce34bef7c"
"2D/DL2D00007318.jpg","49189","540738ca94a48679a57660595e7a60a6add2f33f2fd2ad7d019cee83416f7a16"
"2D/DL2D00007403.jpg","40416","42328fc2ff325fff8055b495f6fc5692f9efe32b43b3931b5034462fd647c946"
"2D/DL2D00007426.jpg","48308","a32282f7bbacf7f39c025e251d58e8a51f1f28ad4e4f78b5c7dcc6b3408dd0bb"
"2D/DL2D00007432.jpg","46173","d3669d55701f2ff0899ad8a10b70890cc537c64acd922ba0f2f9f006159b4fb7"
"2D/DL2D00007433.jpg","37719","721ef1ffcbbb81e2dc9dd84327ca364e056c1fab45652d47ba443f8af59f83b7"
"2D/DL2D00007435.jpg","47426","0535e608a143bca12eeec796a71558eb878d27631613fbd416b6edaa92731a18"
"2D/DL2D00007443.jpg","49752","f773222715ae6ef0fb4d3b4f8d9c0a30eb68091d40d7676977701a96bef25a7d"
"2D/DL2D00007480.jpg","49366","32651176caebef6e56c79512799a61736af64784fafa96fdb3139417eeb5dc25"
"2D/DL2D00007503.jpg","41779","cb6f45c9cee57cd0507fa401dd9005692c73cfe07b02f12aa7a0d30f946c0a25"
"2D/DL2D00007536.jpg","44068","ea9fede38762a1bad08e57cb64e6994d0765bf35ccccc2ba495fe51a05663014"
"2D/DL2D00007557.jpg","41884","30f68cc5a974385ffdfc1a2e52d349e623f4866e68a60edf30294a0d3c0bd894"
"2D/DL2D00007704.jpg","41385","90f2432253692043a108d2aae1a2df6e2cdc7228105a8398b3e4ba1ca596d09c"
"2D/DL2D00007716.jpg","40841","b0776c4e8861b6fa88c2357e641f4d92ed6be58c362c59cac9a74603fe69eff7"
"2D/DL2D00007745.jpg","40198","e58d87d0b1b9ef7cf5efd1e52842b4826779de8e46d182ffb558229fdfb3a539"
"2D/DL2D00007770.jpg","43846","dd50035fcb94c1a67120ad7b097c25dd9b07536cb69693b8fb2715cf84e29d1e"
"2D/DL2D00007782.jpg","35921","f87615b0263b57d75516aa94bca5692afda4e682b0379742fd8db087ae91450d"
"2D/DL2D00007796.jpg","40605","dcf2213ec8b2bbdff8d47a2abfe40fa12ea4835ae638a69a774d354cf259ede9"
"2D/DL2D00007807.jpg","42685","6e61d3502c86286f6f887a66b5eea8b8812cf193b71330853aaf01a875c5f981"
"2D/DL2D00007809.jpg","42099","1064a89f6648fba49d15166651b3e48b4dd98f46e86e82490089d82bf8a7430f"
"2D/DL2D00007827.jpg","40931","f85b08468bbd6912343d2e08fc96f045c4c1b36708b3673bb94c34ace62fd080"
"2D/DL2D00007834.jpg","39927","5290ff6a0a604b83ba2f6968faf0f6e8f882a1dd83b78e93972d5854d0ec1d41"
"2D/DL2D00007855.jpg","41006","9b59f6773e063d2ce155a363979b714156facfa863d541185067c52293e825d3"
"2D/DL2D00007874.jpg","41697","892a975a601e310263cc7c2eb1825c03274daa90a96b473f2aa293ce298a1c5a"
"2D/DL2D00007895.jpg","32418","10a6bd30c975cd63d4c67866205e0683bab7e06b71581e4280b18508ec62ce03"
"2D/DL2D00007911.jpg","32886","d159980bb0d558ae794d0f5b16c362d58c45879fb55c645c6dd2c6eb88556797"
"2D/DL2D00007934.jpg","32683","d5289cd89c942fca156030ec443c5b44b81f373facc66763590c47dda95fba98"
"2D/DL2D00007939.jpg","30420","6eb7664eee62bb968d680fbd5f22762afe881dc5e7fc7de79ee7fa633ab80c57"
"2D/DL2D00007956.jpg","43760","42e704d7f2f1eb2003f019b15d616b75c2ca1dea28fe44f1e0a4232bdbf3c36a"
"2D/DL2D00007959.jpg","46199","b726d65225f8dffa1a58222b06b139a937c0572ac6ffd61b4071f53070c9911c"
"2D/DL2D00007995.jpg","47574","43a83994ddf38903bbfbad5b5a55551cf29915e51b36d077f393209452682576"
"2D/DL2D00013008.jpg","33895","1e9925629ec99f6ed5f8424e3927b2c7bc446cd6b6bc71a61fc3d765f653556e"
"2D/DL2D00013026.jpg","33802","5e9d8f0ae33277594e49f915f1a46bd3c9d2d5ac33f51609ef5871114b9afc2b"
"2D/DL2D00013028.jpg","32811","01b3bb6e7289c78211f2f374eac39d1f361c43660cc44a86cd25ec370cae189d"
"2D/DL2D00013033.jpg","35274","9375fb85e8323458834f280e488881807e4329556bf555c95b3e2723a91bf1cc"
"2D/DL2D00013034.jpg","35090","dbd4aa2a7b68210b2990c8135401c61edd6d8922780b6b99ec22363d831fa839"
"2D/DL2D00013035.jpg","34325","6cbfb32f081ab2a3c7cc2d34e57420fa364356f74a51af759e45a5f630ae81e8"
"2D/DL2D00013042.jpg","34834","57965babae1f3f7df46c762ebeec48e1e3787da5aec9b312d75ab69b5c9319ba"
"2D/DL2D00013072.jpg","40639","7c47771c334a9b9c6a8117c9586380e93c76d526e654dfe309f4598c02748226"
"2D/DL2D00013086.jpg","42506","e5d5b7f6d8b9586f9071a05c1a4cae39e031c299875e3ac821f66e43c7691fb4"
"2D/DL2D00013087.jpg","40169","a7df246601535920f3ee95a993a5baa25044fb2a0fdbf969a6430acb2d15d7ee"
"2D/DL2D00013109.jpg","34566","3cf775710bcc04a8e4bb1f94f2239f33d26c99cac015dfbd613952d6bf170645"
"2D/DL2D00013118.jpg","34001","da9c730227ec212ae7c183649f75aea7c48ea1f351a44ede0b9c63c325862e91"
"2D/DL2D00013169.jpg","49170","6c9d128f39940d675353499c3c17530a35ba49243f071330ad10bf2ebfbb2c7b"
"2D/DL2D00013200.jpg","40358","645512bf6a8054c074c964e21c4d2e09d3ff53b8293e1e9bf885e245a69dc946"
"2D/DL2D00013208.jpg","33194","88007597fc47da4aaec0dcdfa89e9b0b5f6b925f5fdc3bbe0841f86bd321f4bc"
"2D/DL2D00013257.jpg","44551","c20b86da2dfb308b66607c242aa6f13e0a2150e9ceafd181b431bfe52c52b575"
"2D/DL2D00013283.jpg","46185","687872c8411ee9019cbe59e0a767aa0b1bd5bd01786c1918dff0ef3f9230a74d"
"2D/DL2D00013290.jpg","44623","7cc37adeed28dbb90a01f39a979e745a80bd4d0b7d7f1bcc97405453a2d351f8"
"2D/DL2D00013292.jpg","43684","d3389cef86520d8e7fdc0749b8e3aea1b4bf53cd05e4144edbccb9045fb7ce58"
"2D/DL2D00013294.jpg","41105","dfc805bb0ead83d15c7184ebf0715d8e4c2f63cb6b06a501383dd2daeb1538f5"
"2D/DL2D00013316.jpg","38433","11cc10411776e61fe8ec8ffe3312964470f866c636efb231e8edf1693948cf86"
"2D/DL2D00013320.jpg","34993","1d13eb4f4fe1673197abf2b4f7bff51ac198ea1cbc16ea9814ea3551d8c9aa9d"
"2D/DL2D00013329.jpg","46011","b27f2d791c028e6bb91b13281c9e990c0384e486d0e8986e2dd5b03a157116f1"
"2D/DL2D00013336.jpg","44777","6086c619ad115a6183304f6f249776e7b7de45bdf4632e8bbcf7db6403e131a3"
"2D/DL2D00013340.jpg","39113","f4bea976447294aa042fcd4c242038f2071121d945515b9c7beafe87b3f1736d"
"2D/DL2D00013342.jpg","39730","767d710dff299a1bb2ea2db13062197138bc4481aee032f5d7e8a5d887533d98"
"2D/DL2D00013349.jpg","40015","6cc6afeed20418cc8ea3a277e94ce666c072a358537b1a350456a92bd7960b1a"
"2D/DL2D00013388.jpg","54987","7e1f4ceb1564b449f7bc325688e4423f0b78cc147c46c5fd978ddaaa31b39b65"
"2D/DL2D00013403.jpg","44568","2736c733d100ba4b00cb8a08e833d48324763df277a517f8ad9e84b4946381fc"
"2D/DL2D00013423.jpg","47575","1cbd5b1ff9bebda430e30538216ebf23cf6f169c2d968a1602f0e219a9c849a4"
"2D/DL2D00013437.jpg","49120","d60d0d392d3d8b4b44e6dc54b5d67ee9ca100352898b7cd010c02020354e1e43"
"2D/DL2D00013438.jpg","41529","37bdab8a93e00002a75505b30c711eb344ee37384063affc07ac14288321b9db"
"2D/DL2D00013467.jpg","43784","28c5f7957479999de118634ffdede9663eb684d7fd7bfb8d1260487efb0fc798"
"2D/DL2D00013493.jpg","44447","857422348128d0788e9576fd9ccf16136965fa00c8e3b2bbbd8a139a85fbc98c"
"2D/DL2D00013498.jpg","49635","492b71ddb0049bc8fd83ea713b62a71af080a65106c8e7fdb849124f5ad4b113"
"2D/DL2D00013509.jpg","43848","cfe8da38298a47c0ba033014a0336fd336c26e4284807813b9f94f26d162f1d1"
"2D/DL2D00013513.jpg","48135","67e1fb531f8fcc82f8b8a7ab399e426e1172db429c5ebb7c47a08f1baeb51b74"
"2D/DL2D00013532.jpg","44847","d836fabd98fac1dc241c5642c854553b670a8ee0f1fa70cc1b602d83080a6a50"
"2D/DL2D00013543.jpg","45429","05a90f3d1d1b7e13c92fa0b001c30a7348153fa3f9e44bc92c82d47ec2060ecf"
"2D/DL2D00013548.jpg","48588","862c306320ffde9b8ebca2d8aa01050b6c6174389cf3b0e3afbfd9bd198f2b54"
"2D/DL2D00013554.jpg","46695","eb6c2089655be3ebea5d52c83a232766488fbb540d5e71b851899f7395f55c38"
"2D/DL2D00013555.jpg","42194","9b81bf0de80d366cfdf372ef88f3fd2fb95f1348ec32d99c36ee4777b0dffed6"
"2D/DL2D00013569.jpg","47825","3ec3ed86f5a5c59072e61bc769e75b48a91555e6e101ad97c25c393f7bc23f0e"
"2D/DL2D00013585.jpg","42934","6d84abaf09a507dab310dd815c319b9d833cc4e33cd9c33e400ff9f7b5f16bfa"
"2D/DL2D00013628.jpg","33737","8953414e02989c092015eaff4a6048893545943e0d7d6f17d8c1b9befbc9dee5"
"2D/DL2D00013643.jpg","34761","d058f8814d5f4eb8462fea3b275d82b13fa8efa193cbc5f908c25eb3b2ec01e1"
"2D/DL2D00013644.jpg","34739","c75ad3db6769b8beb8bd752c10f3f875474f8165d5aff9da87740f5b1bf0b248"
"2D/DL2D00013646.jpg","36474","734a76cd0432e5f0f5d9439a27a0be25260936c43491fb2522ef1f039c114dcd"
"2D/DL2D00013662.jpg","48114","ddc6ab1c0d1a23a62b2f56c8032a33ed9931a18973af0e048887541dfd2bd1d8"
"2D/DL2D00013664.jpg","49195","9535c0b0f19e4bb6ac599f082bd968bfc8be99f484a0b91a4d344ee6a2fffb0f"
"2D/DL2D00013675.jpg","49018","cd35e8f10786cd063338f604cdd02e091db4004d81231561c1c0113767fa6b60"
"2D/DL2D00013676.jpg","49586","2c2be6d95ac602ee34bfa4b82743c37a62d1ba3f5d9aafb7ed1eefe5fc22753e"
"2D/DL2D00013693.jpg","48255","8c4bdedb6a1e59310b5c600c3798294a141deb6c9b18621f6e5350b3db3fcb46"
"2D/DL2D00013732.jpg","44688","c5366f59e25f78a61d91e021355cf84187b966df0ab57f8e5e4d3e0b9188b765"
"2D/DL2D00013771.jpg","44130","46eb0e528b18d3c1b622fceab7ec28bf8d60be3712d7672a148f26e82d1ef900"
"2D/DL2D00013804.jpg","47428","c92371018e194fad0acf445ff228a4cc2c260f9fb48c3f2c173f2f93f1b630b1"
"2D/DL2D00013813.jpg","47334","8de48ffde19d22117a37d9d7f0e1a155a8e60491fd3a1e77390e98e2c2fa9428"
"2D/DL2D00013815.jpg","46487","b4bc236a0e733393489b4904bff56d756f09c9a54bd393f9e46717a8f63a6380"
"3D/DL3D00000009.bin","524288","f44577e710f5ecdd689a95d4acb1842a188cfd9e83cfed068ce453a58b87323b"
"3D/DL3D00000018.bin","524288","ee017a79bc3742610cae8c95b05e2b5908cf7215abaf208080c4beca9235cb0e"
"3D/DL3D00000041.bin","524288","d294b398df452d488744ffe5f20fc03593d286221a672d4cc259ef3b6f2a6c3d"
"3D/DL3D00000057.bin","524288","05e033d2e2d8806d7d1d7f416e60e57b8e346542b99468b11bd334e32f21e2bd"
"3D/DL3D00000078.bin","524288","a704e83e072df9a049d9bc4ec6cd755b7083e845680d896e87daec0efcb54761"
"3D/DL3D00000084.bin","524288","dda7fc3502da51034c399d7ad6ca61d8d57fcdf7c7453dac3120a86e88c674d6"
"3D/DL3D00000120.bin","524288","1a6d5310809022154fa5a22e006791006b2e4da7484f59f94e2a9ec995365505"
"3D/DL3D00000188.bin","524288","aee841ce3f9caeb2b437b3497af7f12e88d23f68263a8f18d109c36eeec63ccd"
"3D/DL3D00000201.bin","524288","461e8b9d79ce58535c166114229b5ab37cb43b9faa939e24f5a47e5e4cb0f6fa"
"3D/DL3D00000202.bin","524288","687ed32f88a82c5a821d380b2a053a901eaa2e8e95a01c0bf27d8de3aed67d62"
"3D/DL3D00000231.bin","524288","4b638739ea7a45e4096a8328a7eac2354fcb6ec84dff78e3aab6707bc14e5023"
"3D/DL3D00000270.bin","524288","2271f248414d96b1034d57e4470f7e8f7a07b6bbba202ab9c3b6c4cd981cbb53"
"3D/DL3D00000289.bin","524288","49e93361b22b9f519f8f201b34a5617954d2ed62b37fd0e3c58e6f520857795c"
"3D/DL3D00000292.bin","524288","2e3d8aa958bc905e8c371153e2d4fbe77dcee0ea91e5a6360cf00ccea088052c"
"3D/DL3D00000295.bin","524288","16b807ed0c3aaeb14d1850cdf894e04ec3983e243670559c6abbac9542b981be"
"3D/DL3D00000310.bin","524288","4088d59e18846789a4854a8abc4f3db3d04cc63b2930c9734ee308f4d20b802c"
"3D/DL3D00000312.bin","524288","9838f13bbcd1493966d33791728aa3a1132cc469a58b404ed83b08fd9f380f95"
"3D/DL3D00000317.bin","524288","ec8e5b09e7091188bb3162fc0a62e3199753a5a626a7a74cafdd4d0bc5446a53"
"3D/DL3D00000335.bin","524288","bf5da5443ebb2e2d8f1a11105c8439caf8387ed8132d1826038d9c503354b7b2"
"3D/DL3D00000357.bin","524288","a4998ab1d5a547535d03fcc4c5307aa1474c2a66547f793f87f49952529e4bc6"
"3D/DL3D00000389.bin","524288","fa296c3b33ca5490d09e8025deebf9f96f0f025388c9bba6bf99b5604d8a5f33"
"3D/DL3D00000427.bin","524288","d2dc5bdbf0967392b15189ea0b7e2a2de2e48a651b75826c3b082322061f1f85"
"3D/DL3D00000441.bin","524288","91ee3f32cba8de49fae4df27668865daecd160034ce513793a1e782bfa17e4d8"
"3D/DL3D00000465.bin","524288","3780d5ee4357185180ae5c4a8121831136f88b7d722d36e0aecc28201846f67d"
"3D/DL3D00000477.bin","524288","72ec97585a42b31eb6e2980514b1f394f88ff148cd8209d907d0fc16515b9426"
"3D/DL3D00000495.bin","524288","a329dc83d53cdaa477b3f6694ccd207d471c7c5ce95aa880af8da0a9aa2e1a52"
"3D/DL3D00000547.bin","524288","4a3b7bb1bad7cf7ad02780528223534c5f9b6d4694a05491295ac5e469052aed"
"3D/DL3D00000556.bin","524288","2ea8b71bb24590c33b8e70990a286598d7d64b9bed48e63f17b0dc1f81ad18da"
"3D/DL3D00000574.bin","524288","2dace63948c330ac423d5dd50047a5c8a0d64f63710aa5a7a7f46e0d67384750"
"3D/DL3D00000599.bin","524288","39d3f5cabf5d9604a21adc3713bab9b9fc2b6ffdeabbd46264a73fbe93a92b59"
"3D/DL3D00000607.bin","524288","4c2dccdbf221fab8beb3b88d859f018807198eec4704aa9af2c3aaeec3333714"
"3D/DL3D00000613.bin","524288","c2b551b6a22692e254f8ad0f1cd3699102e24fee473617a5399061af24804e17"
"3D/DL3D00000630.bin","524288","7d888f0c5fbb76cd25f266905063c2fd8fd668227c27a7e0ea0cbf063955f2e9"
"3D/DL3D00000632.bin","524288","b2656552ca669af722bc18701038a66837ac66cbde538dd48fba671697bffc4c"
"3D/DL3D00000660.bin","524288","2f0c8e0280fe2a7ffa100894af8d15dd7d206622c8f88fafab19a15a9121d978"
"3D/DL3D00000664.bin","524288","406c51a9637925b5f203ac856a58d2e14ddbb46fb2631f4e30a49d82d5d40c06"
"3D/DL3D00000685.bin","524288","9f5cee6183678449af0e6bb2d00b9b744fcb483c75a4a8151d38e6248b68c4c7"
"3D/DL3D00000740.bin","524288","e40990f2d2b62eed9c4dfef94e2a7a0e38b632b980d3237930b594bc0b02fc7e"
"3D/DL3D00000757.bin","524288","42be2916865786df87aef8b7c98457ee83637b495d41697c927f5a8dc05e7084"
"3D/DL3D00000764.bin","524288","f79b121978d8d3c834349ba43fc0444ca0ce5a7cbefe651d45ec38bf80d831be"
"3D/DL3D00000765.bin","524288","df1d8a84a43bd67c637229c0f1246673a00603cc2a30e21e7aa7ed38cad27712"
"3D/DL3D00000785.bin","524288","9a2ee042aa30db28a878c13e2fe24f443ae066dc11a28ff29da3aabfe8d63939"
"3D/DL3D00000810.bin","524288","00e28717aa195e6d94fe603db52db6cf9b263062f77a36355a7556bc596810e9"
"3D/DL3D00000814.bin","524288","807725d2ef7a4ec91adfdf8add2205578f276011f694ed45421ac41c8580398c"
"3D/DL3D00000819.bin","524288","b7ae50b8c8110e927991280d232beaf7c4e7cafa4469a1d9fb37e173a21384c7"
"3D/DL3D00000828.bin","524288","1efc92cdd946fabddd663da3c27c0919e4ffc6e78caead499241e76ca985d09b"
"3D/DL3D00000830.bin","524288","2dee1f4b3cc42aa210268b57d158cce18d6fc0105031fc110206dc1e26f279e4"
"3D/DL3D00000883.bin","524288","9f40a9827d82d6ad84241b9fffb11cc06b5f190f73f21a7fbfe858ad70ef536d"
"3D/DL3D00000897.bin","524288","17c99b143f8960b4e8002635a1968e2ab433cbce8349890c1195860ec90821c5"
"3D/DL3D00000928.bin","524288","3dd343beb21b991aaf18c36356c077c77c6e9422b1332f83c741bce361c97bb7"
"3D/DL3D00000953.bin","524288","3d0ca843ac514e101766aa81bfae20e27711f1c01df8c4586a2356832758aa15"
"3D/DL3D00001002.bin","524288","583dbf161621c3150febb211fa6002c527ed446755b4708a7f8db17394001442"
"3D/DL3D00001013.bin","524288","a60fe92ab12f1624cbd052d47dfdad69a4176dfe8a6ea13cf5e1dc4ff0176c8f"
"3D/DL3D00001020.bin","524288","796e0e17c11fe728583209d08c0dc2e56e317bb605b2f2ff1952f5900d4b09f4"
"3D/DL3D00001033.bin","524288","1b5f3cdfb62af783467342ec4291708ac27dc0fd326928644e970b1851926382"
"3D/DL3D00001034.bin","524288","0eeb612418e738f2958e592ccb85476d81442e39922268e1b4acde003ada4dba"
"3D/DL3D00001062.bin","524288","e8860639c6184f942900372ea32d6faa45ed9f28ad4e396d81d75970e36c4c92"
"3D/DL3D00001064.bin","524288","399d6b6ca35d9d0812dc9a70901bfa37820a1c0e99c94130caebd28a41dbc8fe"
"3D/DL3D00001073.bin","524288","29cd112c467f95c2b492a3c3e076d57caaa48095fe130478dd1ea19abf30377e"
"3D/DL3D00001079.bin","524288","15e479710aa651f87fff351ebf1f701ad1140b7b06a94db31f1d5977b2309e3c"
"3D/DL3D00001133.bin","524288","173fbd2208961ddccec0547da82ca50d9d8847267bababc73bfec1d310c7a3d0"
"3D/DL3D00001134.bin","524288","3f6455c76beb27f8fff93961784379cb0bc2c94ab43052e3efd5120c12ddd0ac"
"3D/DL3D00001135.bin","524288","41404f74d4dd022de2b19e20d3389594c5336d203a5ea4eb16ec21f286309b31"
"3D/DL3D00001177.bin","524288","7513f834a6ee5592edcd06a8c5b83fe00d59a174dda82a8f13c68a1b373ee4e3"
"3D/DL3D00001178.bin","524288","4c6be9b5bcfc39f4f4305c57a5f3330c663d62b05a921956f03afb8973489610"
"3D/DL3D00001190.bin","524288","5a01d77090e0648b60aa6a0c92d7f379e97fff0e13a3bb0fab6091f98ba26e7c"
"3D/DL3D00001195.bin","524288","1990e84b0e3e1889466c96569efbd8e43a873f5e1f9ecd43a452c78aeff37e7b"
"3D/DL3D00001207.bin","524288","7a131d072a7073cf7656edfd9cd6b9786e80d1a530ece97effd83dd958ac87e3"
"3D/DL3D00001210.bin","524288","ccde6520af844bcf955eb8b740e79e932c2e63df43ac90c70b5deb27c43f5993"
"3D/DL3D00001220.bin","524288","80c6a3454c043c44c7306844dd9b4a2976764861e3cbb4c9df643e38778ec1b5"
"3D/DL3D00001237.bin","524288","a03356b0239ffd431626c415825c3f9f2cd7fce8b5ced8ce62d29ff090247446"
"3D/DL3D00001250.bin","524288","c3ab7a2247734625b48a23be94c0274a714de2731fe1361abc1b14dce04a3c30"
"3D/DL3D00001255.bin","524288","ba710849f6042a11ecf1c9f66958a25b3bbe58f30b15529497a29c10783d57ee"
"3D/DL3D00001301.bin","524288","233a473b1324f79c36089b1cb0a0c567f8c3af9f386ebec7aefcaa55e19a4a53"
"3D/DL3D00001311.bin","524288","40dfe17fd431fcfab971fdca652cc22ff71c9da0bbb0b79588981725e2be0cf2"
"3D/DL3D00001323.bin","524288","e26941a85433f4060a93221908bc4f5318a15900f2ebcfe99911bbf1cec2fe0b"
"3D/DL3D00001348.bin","524288","40db3a67c7f5835f8a484cebfa59ee197a6832b2bfea1dbd6ca587de180a412c"
"3D/DL3D00001350.bin","524288","26b706ee01ae079e7557f23b279296237165b4679b5d7d5d21abd8243542a080"
"3D/DL3D00001356.bin","524288","60e61ec12205dfcdaec0d2360099a89e0a8c8d9a17bfedb2f88a72c05d015ccc"
"3D/DL3D00001376.bin","524288","70f7667d21fda235e3f4409823906e47aae1e6b5dbdcc6f05574851cb8e3d73a"
"3D/DL3D00001393.bin","524288","5a56b2386f97565c4c4b8d5be077260ae96acfd449db1a67aabc80b5963e2d13"
"3D/DL3D00001396.bin","524288","6f1df589ec66776b124bed7755cf6344a6400d0c08107e04e8744f25768b1db2"
"3D/DL3D00001397.bin","524288","ff38f51067e302c12966d42f06db52d88b77785799ec2cfd43dcfacc3402c866"
"3D/DL3D00001413.bin","524288","97a2e2586d0c9f1e00dfbfffe9fa9808876677a2eb027cb8305a72c0d4bcde01"
"3D/DL3D00001461.bin","524288","7bd00637228821306c590acec4450c308b564e052e6e121878eba5a95201cad8"
"3D/DL3D00001469.bin","524288","b8d4d4cce2f68677bcd6ab38080f5c0e94df0b42d94b72f664e14a76ef165d35"
"3D/DL3D00001490.bin","524288","79ba522e8eb8c69789dede5ad81d8369595f89dab295e01c2b87ec637896a3e2"
"3D/DL3D00001492.bin","524288","a0e467926178c169303b2fac3c29fa7cadebb8022ec21e77350968512df2b65d"
"3D/DL3D00001507.bin","524288","5affe6b03bb2669372988e2afe7e2555f3f18da1389bb206ced518fe6e5a4368"
"3D/DL3D00001610.bin","524288","3a3800bcdf3325af857ad14507c3eb0fc53baf08e9f35831e92cbbfebe561c75"
"3D/DL3D00001614.bin","524288","67218d9239f00ea3a5ec225a6bc6f1e9d5f04cb2127e46191620b1051b208c2b"
"3D/DL3D00001643.bin","524288","14dd672873b9721f8ea3fdb24e748ea33f53851697116d495745dd397370c2b8"
"3D/DL3D00001667.bin","524288","51fcb470aca348b63ffd373318dd363f03cba7b5608981317046dbce1efc2028"
"3D/DL3D00001687.bin","524288","ecb0e5aa8b50e10977b5aa4c44f54a6a558bf9800abaeb1a1a29546b83196d38"
"3D/DL3D00001688.bin","524288","602ab1ecdef61d0d4035c20a9a4a63cde667fa546283230952be5fd9bc97371f"
"3D/DL3D00001704.bin","524288","36c5fdaa3a3efb9ce427b16dc255d26425ac196e976b30c1abd9e5a0813f69f9"
"3D/DL3D00001721.bin","524288","e591a2c0a0b6489eb2850ab55105661c26eb3252b8489ce43467de344be350c5"
"3D/DL3D00001756.bin","524288","1ef271cc82f2e31bdc9495d4ebb2b5f5d427a50bb61196d6243286ed3b646974"
"3D/DL3D00001767.bin","524288","cc300b0ec2b45e6b957168fac1498d8157c7c52f155ab72c8310fee0e0f48e03"
"3D/DL3D00001802.bin","524288","e76129c688ac8c94a6f15aa66a581c9977fe5be4294c7f3a7e98e9b96f58c2d5"
"3D/DL3D00001823.bin","524288","b2bba15b108804443ec79b49c0ab98ec69a48410f267a9b8880e75ccad36bf63"
"3D/DL3D00001835.bin","524288","157703b23a6ebb1b20e1c7be75910b89c3d3d20ea95690c3b3b3da47f72e9622"
"3D/DL3D00001837.bin","524288","0d7910f27c1ebf4148713c2f12882cfc26507a7934031dc34bb33ef3a184575d"
"3D/DL3D00001869.bin","524288","7e8c715c06d2930a825065d73dc5f131492e20a58c4fcd137d1cac796f7763cf"
"3D/DL3D00001900.bin","524288","1cd10d1b12f2046be8970431b6652f9e5beb6cd4d814235368388b761b54a219"
"3D/DL3D00001920.bin","524288","c8c2e165b9be9911af4eb2dc18b6ffa7432d2c8fa0af9694aa432f5576985e13"
"3D/DL3D00001922.bin","524288","a18724245d02948844a840170711facd6e2d554a7721757f0f2c50b1ecd48502"
"3D/DL3D00001966.bin","524288","a2a8db4e99084a2c68cca867327b2111d9380cd601ae06093994ce013477dccd"
"3D/DL3D00001984.bin","524288","76a9cde49cb10366962a86a761cb163a3b0849dae354d7e9a9ba781489a7b4a7"
"3D/DL3D00001998.bin","524288","611b34242fad541c540bf9582f7fb09dc75922fcbaccf9f807ad17ab28ece759"
"3D/DL3D00002039.bin","524288","6c9b54d6ba6f466ffcb6fffbeebc5518933628c89ddcbd43ed93acb9c224da76"
"3D/DL3D00002044.bin","524288","4b9938eae73ff4b6a28f660c19c2a3e5f93428ccbb66e4f7981571f347853c20"
"3D/DL3D00002108.bin","524288","729d8c53af85d815bc9acfc6b2554329f0a7e979f80aece63a3d243683c58ffc"
"3D/DL3D00002113.bin","524288","7585d60ec4fafcce7436d0906a78ac1b8b12fc29418710dd229f5af5fbd4107c"
"3D/DL3D00002119.bin","524288","f38ffd49820effc20d61a7a21c2a707279e607322e11ef98e210bf7d28dda39f"
"3D/DL3D00002143.bin","524288","22e2c1b69ff89947fc24b26e96f54fbfb834a7d80cd6068e0aaa98e5fabc6849"
"3D/DL3D00002145.bin","524288","da361580d8ebc4ddc436820f824bcc5b84a112fdab4a9c3064774fcc39bdbb0c"
"3D/DL3D00002187.bin","524288","347077014268125894c1dff2e60996dbb53cf1f158c07a6eb8d4f55bf49670de"
"3D/DL3D00002195.bin","524288","eb85268d2afcc53b2e4ad6c56bcc52de1cfdf4175221c3ef95d8314a02992ae7"
"3D/DL3D00002206.bin","524288","1f145f9e40b8883af67fa074c29a2e44ff30a83b0c3294f6c638f98f12feb7a4"
"3D/DL3D00002211.bin","524288","50b45f906a363842857fbafbbc60b680032f59b26f8de8eec9b25186441bb1f0"
"3D/DL3D00002218.bin","524288","5a063c5ecaf3aaf115db7ff0577d8e8003ff90ccf5f505bca9b731a96c75e27c"
"3D/DL3D00002271.bin","524288","65f11c4c655a1067ea03c14b813f34974ca942b1813b6909b10deae2861025de"
"3D/DL3D00002300.bin","524288","776af58bef9e10bb37064de044a87cabf02de811e53d89df2179519339b2fee9"
"3D/DL3D00002315.bin","524288","07b7775d2f60f5fb548f02286b3f4fb7c49320bfcd76f46edc8990a7b43e4729"
"3D/DL3D00002321.bin","524288","c004c5b8949177e15fbf6f42f869ba37147837d0e26a8de66b75394f94a84629"
"3D/DL3D00002342.bin","524288","eef662632d9800e101a53ad4802ef6db9baeb6c5403567f1ea6a9d27f3d34f74"
"3D/DL3D00002392.bin","524288","9a2c77bca788c683f1c7244b3749afb6c137a3d63bc37b6c76b0ad43f2ad61e7"
"3D/DL3D00002401.bin","524288","0aa3d45b0a16fe8869b463b151f5cdc6171816fab7dd93496540e5eb35a64831"
"3D/DL3D00002410.bin","524288","bbca6f2bc63fbdd8a41d9f81aa896744028ae69bb108a742f524f9efc63cc806"
"3D/DL3D00002423.bin","524288","0e9c3a7b393cbd924ad791505360b006e70687d176a0bb22ebad8f3d7a390f3c"
"3D/DL3D00002487.bin","524288","9a41239629ed2778f06eb1470ed82446df2577dd2ff5b0b2c2e6b67e941e79ce"
"3D/DL3D00002488.bin","524288","4ff72f3abc9d715ed00d57e3fe1d718a52d185aa14e870a3565b1767cfbb2b13"
"3D/DL3D00002515.bin","524288","3e6ddb0bb49162ad020c408547fc2c0b32993021af05066be5a2fcaac408b88f"
"3D/DL3D00002516.bin","524288","45716006db9716b02a46ef0ebe9711fa35f4dd969f7c3c0300c13d892e135b58"
"3D/DL3D00002562.bin","524288","13fe874f38cd34e220ffafc4f01a24c2bccadfe83e0e75299c4715774aa76171"
"3D/DL3D00002563.bin","524288","b9a10284531fb4c31ec6331a4a18dca0dd8948b9ecf9072bca5d861e9438fac8"
"3D/DL3D00002565.bin","524288","3445bf5c124ee12c22653477d55410939c0f05b7ca19d9953f4378591e65a188"
"3D/DL3D00002571.bin","524288","490efd2b1dff7fd93a36b61151759e34eb0a5881905e5786182d1ca4699fad00"
"3D/DL3D00002582.bin","524288","c0188618221d6d4b2043a900bc337713e6fa569c0153477b2de15e7201780a0d"
"3D/DL3D00002600.bin","524288","66f60e1ee22e8dae659e3832e26abebd0ab20ae904474d0ca44ff5fda6556fc3"
"3D/DL3D00002621.bin","524288","ddccf55d2670f34cc4b6001d82762cfc6e13bdc4e3a6c17e9bc61578171281cb"
"3D/DL3D00002633.bin","524288","a5c629bbd84712c197a45020feaac4fe3b74c59af06a99429b00ed48f6b3f115"
"3D/DL3D00002656.bin","524288","a0945d18dc28cd6da83506172c9b72cdcdc10e304ce33d9710766900a0585a49"
"3D/DL3D00002697.bin","524288","55d01c86d8b92b8a4e65ba87bb92ec286badb9371c13243fab76e7b766c59e76"
"3D/DL3D00002712.bin","524288","67ef9430141776abeb9cc7de33fe833f240764de5855ee46f67ce68b42af3cb2"
"3D/DL3D00002715.bin","524288","6b3d7deb914c78204aa06d22c5c34c4e4e5c3330118a42b9796d0dec677a6643"
"3D/DL3D00002717.bin","524288","aa8b28b10074ed46fba2515309459b95903fb8d49909349dc45b3f8a38ce7078"
"3D/DL3D00002743.bin","524288","0e9d02ba457f4b6b2d1d11e57d2c3a9ab20218ef5c9b06070310773c61d61202"
"3D/DL3D00002757.bin","524288","2acb2875a89059d6ceb81a1a3fe1d08c6202a734237fd7ce2f1309fbbe0c1d42"
"3D/DL3D00002759.bin","524288","62fe1489f353371a7f7f8a38305798596f80758393cf89c5d261e8ee8898c7db"
"3D/DL3D00002770.bin","524288","68624770b459c84b1b378623123040dc578f1ae58c099dc4ef074ca1686ef781"
"3D/DL3D00002804.bin","524288","692347ebc1fcb0001941c2bb541c76e993f825875bbb0ef890cc220fc3b1834a"
"3D/DL3D00002807.bin","524288","21ed42eb7cc0f1f54bab97946e3285bd27c0f21e4d4a06681676aa8aa19108d9"
"3D/DL3D00002808.bin","524288","086590be7469d6e72a0a0219807f2f98470cf4c77de6a6353ecc2717833ca6c8"
"3D/DL3D00002830.bin","524288","9bf03ccaa08d03e88d3aa4b027b714815a0625ae4ef24ce28c1d3cf25002d191"
"3D/DL3D00002839.bin","524288","29de3705ac6a08e8f1dd8099b249e9a37ded00540eb07e2b9704cd57721468d6"
"3D/DL3D00002861.bin","524288","5db4df0f9a5e005a92b0e8ca5347fb58da78fb0b03f8fee990f41f2f5eb6dcc0"
"3D/DL3D00002864.bin","524288","903d51e000533988bf06538d7450b474a26ec26036da7c1e4deeff969acfa99e"
"3D/DL3D00002885.bin","524288","49814d7bc055b1bfe72ee789a1cbf3113c6e36874ecee120d70f4ccae8ce52a5"
"3D/DL3D00002886.bin","524288","b2bac3da9642d8bf60a90897eadae4093702d343e79c8c911c800d07e484e299"
"3D/DL3D00002905.bin","524288","8ad7c64f335b154a5e145af08fe4ac3833476800758313044aadcbf204b4a45e"
"3D/DL3D00002914.bin","524288","664db2e39dafa097f24971dda2f08c0e24ce8e1988cc79766851dcbd0c0fb1b6"
"3D/DL3D00002954.bin","524288","4fa7588f7e500b44abc0b95609c8f99088e18b9eace867fd38d9e0f53f0ad08e"
"3D/DL3D00002971.bin","524288","12b3adcd87544d661930c28cd1d26c21441d9357481aeab4ccf5cf1d6f578e82"
"3D/DL3D00002981.bin","524288","7b314e14ca66bb554e64f29dbde664b53cbc22cbc8cf4dfd70f1895d0aeae170"
"3D/DL3D00003016.bin","524288","4c291048ea011bfbca9504f3a2db76973673c82cb15ef2d62ee60b95566ef7a4"
"3D/DL3D00003042.bin","524288","d35cf8375aadfe17023ba29dc8f1aa50c8504bc27bd29a975a3807b78de0ce38"
"3D/DL3D00003103.bin","524288","787aba5927c9d13ed2ed599bd3367de08f68f70ea9420a92da0be0790e994581"
"3D/DL3D00003128.bin","524288","5b49603289d16b1eabcac1493fe200cee4af06007e574e3a1415d7f204d38efd"
"3D/DL3D00003130.bin","524288","467d48bb89a900f5097cd98c2efe5585b916c4041e1f2a05fb197766a02855f6"
"3D/DL3D00003139.bin","524288","41ab96da3ce8eebd66ff0afa179b9dc2301f0acc6fb9d156102f47bcfa706121"
"3D/DL3D00003146.bin","524288","2e0f3a0a2bc45fd0b7d917cea292c4ad9f5b137feaa0e66ee6caa8a73a090de2"
"3D/DL3D00003178.bin","524288","10d242e9723c8fcc9d55507b0e29c17be0f3be147fd63b623b99be0bcc9d9486"
"3D/DL3D00003187.bin","524288","1f82249143db903d26ff35563a456ad82edff08ec41e9db4bad0c32cc3729e7f"
"3D/DL3D00003216.bin","524288","181a2d2f8269a0ca888f56a4ff4c72d5f6010b337734442a0db56c73106fbc25"
"3D/DL3D00003218.bin","524288","8b1f36bfc23b5767b72d86b619b4a6cba0bf5ec147563c209f27bf359d20a429"
"3D/DL3D00003224.bin","524288","d0a1185869feac0921d64563afb1714fe3482ff2039a9a4149adbd9e745de000"
"3D/DL3D00003259.bin","524288","182bef6eeedde4188db63f0d3e87b88fbab4d106332d7de19534809beddd32a9"
"3D/DL3D00003281.bin","524288","b70aec003b9bc77f6bbb8c8a9ab264aec2d27f013a3222a3f792ef641dc4da24"
"3D/DL3D00003285.bin","524288","d78629aec945a7a2d8d514b1f860c24a4556598f132495c6d201abe30acc9544"
"3D/DL3D00003289.bin","524288","64fa424812090a6705d35d2041b4fa435497e30f099618ffef217b1b2bf5daaa"
"3D/DL3D00003303.bin","524288","bddf9d28f434156706d2e674062160531d87be462d2fd3900a54e950a6a56d53"
"3D/DL3D00003310.bin","524288","bfe7508fa5104c0d4e6ce591c58dad2f42b28afa8ab371b4901914e4d12bc9eb"
"3D/DL3D00003359.bin","524288","e9e7474f08920722b02f661d48b18f26cc4fbfce6a756063ffa3b658e0ed8a78"
"3D/DL3D00003401.bin","524288","48608f0829b9ab889c08908d281c097b84ab68cf464ac0baf911692ded27dfeb"
"3D/DL3D00003433.bin","524288","abbdc543b1af781e28cd8de81bd8dbdb2ad6283ad55c223c220c9a307f56dc48"
"3D/DL3D00003456.bin","524288","48b0c8128285146cc9e5221e903b0a3d4ced77cb5c1f5a1af5432e175fbe9852"
"3D/DL3D00003463.bin","524288","ceb65229f5b9d6f07ae5a481b0f42f245b5c74123d3fef3b398553dbe0cf1095"
"3D/DL3D00003474.bin","524288","a1a5c69b7fe0789ec872b1227f2b62d658c5895281fb543ab0a31b489ffac99d"
"3D/DL3D00003478.bin","524288","43ae792e37736904dbef1dd712499eb44672d66a39e94bd400c81efb257e0dbb"
"3D/DL3D00003484.bin","524288","fbdd886a979b0461e9e7e6e3ff54ead001e925ebaaa9f8a1801d94ef80d4b929"
"3D/DL3D00003549.bin","524288","61786daaf6e5774e83fe243308794226167118ce212064960cbe65edc7698ca8"
"3D/DL3D00003572.bin","524288","b711ecbaec102f516b7bfc07d18a4d71dcf4a0f24c034d62e84ae1e6d4d47792"
"3D/DL3D00003606.bin","524288","d64694f14e3fb1c89bb4191e0ffbbd75e4567b478fd69c64cce2bb6f8667e0b2"
"3D/DL3D00003608.bin","524288","e4dee8688b8229ea2e047184966390ac5e2c940f98bf16dc2b49273104926db9"
"3D/DL3D00003624.bin","524288","2bd51e4bfcfa9b449545265cf17cea4ef366f99750ebfab6a776dd6c290e42cd"
"3D/DL3D00003670.bin","524288","37635336680b4c898029043f6914d29527fb1244038fd86d1c92ffef65fd23e6"
"3D/DL3D00003678.bin","524288","18c9de522530b569d61e1686b57c8590210158cd6b91fc8105ae0aec26c6757f"
"3D/DL3D00003683.bin","524288","a130ba779cbeac8cd28b5f7f98840e82bedbb83b3f375cacd89277530188cb24"
"3D/DL3D00003716.bin","524288","94dfd402bbc13b87e5294776b2e7d5d8b015acaab434acda8b570859613ec6f5"
"3D/DL3D00003722.bin","524288","b91d3221348c0abb304459bd390b344eba1ca44a779c2e1e67d204d20fca66c0"
"3D/DL3D00003735.bin","524288","3b24eaf3b59001b1fb24e7b8b1ee97885596e0e482a5e8cfb58afaf7da45202a"
"3D/DL3D00003743.bin","524288","58860c97c8bd9743e14b8e1dcefe948606556dd3c0594adb339d211b327f4ac7"
"3D/DL3D00003773.bin","524288","be10a4a87ec53c8a882b5a6b911c30a93181c4a71882c7093fb052bce43a2182"
"3D/DL3D00003784.bin","524288","9b82fd8186a08bb4a6e3b30a234eed1d84e99727818357463d6269497187be33"
"3D/DL3D00003786.bin","524288","dc3388a5e9be2b6fe5788ebbe0bd8b9f0b479c567dad1176a395246b17b28ba8"
"3D/DL3D00003788.bin","524288","1246c57df43371f214a0e0039e31b14283b7fd30b24bb8e93491fc0237649ae9"
"3D/DL3D00003812.bin","524288","a3a452c6ea54047869f923768d195c1c14ceded373faf0161cffddc5bc7d80cf"
"3D/DL3D00003825.bin","524288","ab106c85bc0a25156c5b680340153676eed2a3612625218dc9af1d8943a4fd18"
"3D/DL3D00003834.bin","524288","55cd903b93b6c5194729ab14440c8dbf89af22981c8238ed16868d4e8cf3d6e4"
"3D/DL3D00003850.bin","524288","ead46a4c3602708f94789d4eb679727b27481df6451b9db667966b6c6965c938"
"3D/DL3D00003858.bin","524288","0c5b34e0473803cc7ff2529b70d672c35eafb1cb450c3c0030856f98a6a6b348"
"3D/DL3D00003889.bin","524288","6079c2393616dd6e07fe2eab88387ddd8eb02493da06f70a964808c8fab3c3ec"
"3D/DL3D00003909.bin","524288","7d79a6cfc5fa222e6f6e88a1934f41f4c5f0900a292c20b45547749288d95caf"
"3D/DL3D00003927.bin","524288","1356f5776ae64d13dd6b754bc3c9f06295bd7c9818cf2e106091c612a30a4741"
"3D/DL3D00003942.bin","524288","323e55d6eb5a70ac30e230767568aa7dc7ed0b56f0838fe7b5fb1b3f7dab561b"
"3D/DL3D00003962.bin","524288","779bd72dff285ffed7e77865f28a0a6b7b5f2dc340802520e25ab78ede425a3f"
"3D/DL3D00003986.bin","524288","c26a8590a3d94ad1b5cf635fc7d2b6ba5dae6f46e9c9cd7958bca65754297f4b"
"3D/DL3D00004002.bin","524288","c710785d42dde9bbd7d512b2754e41b9315c14377f5be0bf15836ebfcf614cb6"
"3D/DL3D00004010.bin","524288","64ffd881eb8bcedfec44ba2d3536d8ff50b58994b8fafae0b4ae9a92823be061"
"3D/DL3D00004017.bin","524288","49974a3a194d855b11e615a1b74ae689846a47a5b712b896ce3c393c7b112eea"
"3D/DL3D00004024.bin","524288","5c992513f48d4139390913925414597c85d9727950d38e170564dd1800ac91bc"
"3D/DL3D00004025.bin","524288","e9ae1d36e02eb97e5826aa98aaa30d80ca3860e4051474dbc25e5cdbec0c5d4c"
"3D/DL3D00004086.bin","524288","4ac3b15cf83e922957ddb2ba67451f278f658aa5dc4ad4c412560318e2d40894"
"3D/DL3D00004093.bin","524288","748aa018d5535bd0cad613062763361d5a2b5ef46487d091caf7df33a60c0a44"
"3D/DL3D00004102.bin","524288","8f2b2605b84fe48f13ebec875555c94ddec3f0c0af05efee332ebd45dd7766bd"
"3D/DL3D00004106.bin","524288","2aa4206f54297c1045d74cf6d1df457646260151386712bd14558101349be6e7"
"3D/DL3D00004169.bin","524288","6e1295a62d5b486ec5667729635607fa2f4f10c231cd98a9606f78d36cf54ff8"
"3D/DL3D00004187.bin","524288","48d097432656aac5fe9e8d83106231abddc15c69212f2e9ed5246265a0bf0c4a"
"3D/DL3D00004190.bin","524288","9d630e247d24df81f349a139cf4cf170532bef4f9ceebe133c78c0044911eeb6"
"3D/DL3D00004207.bin","524288","2e8cd24219397af711aecff78966b7deedb6a6b3307dff5cb43e9b8ff9dbbfa9"
"3D/DL3D00004246.bin","524288","fb9eef2275febc5122652ea6cbd9fe5f02bd68246bc5318bd1ea5baf7f3146d1"
"3D/DL3D00004259.bin","524288","69cc52546e0aa930b1dd03a0f0db9a7a4e59b455396327d5b3a5ad8038e34a8d"
"3D/DL3D00004265.bin","524288","5cbe3f944a5961f9bba2905f5d949261d00b2765c69125a9c9d07a39c43ac045"
"3D/DL3D00004269.bin","524288","048a674e85386f8df695fc95bb349fb2b57f57b628377ea1dbfe44c5cb84bbd6"
"3D/DL3D00004275.bin","524288","5370d3396ca58a3a5e99fb30429d8e24fecbcda3bc67ccb5461dcabf4ec1da8c"
"3D/DL3D00004277.bin","524288","e05382412acda6e88b8f12aaccf5e56c474fdcab45bd4e03556282a7adf91a54"
"3D/DL3D00004297.bin","524288","c1849a066d8b9f984ff8ba119c37c050aa2f64b44ac1700824611cb20fc586ca"
"3D/DL3D00004310.bin","524288","68e2999532941d973d448cea780293e9a79e935b9d14929602202ee7aea8e2e2"
"3D/DL3D00004346.bin","524288","369e925b25047d4191d10ca2278aa5e81c2c0c993f304b5a7a63d9437c839320"
"3D/DL3D00004373.bin","524288","2a65ec286e8e8fa10fe28239f8cf487e3188092e4380f8dd83931c565efd565b"
"3D/DL3D00004411.bin","524288","f0cf0c7998a00ddd83bb2b4169ec3942ff4d9a494b678a2ec0ff64586afc3fb5"
"3D/DL3D00004415.bin","524288","a673c9343b2520bebb73a9871f4927ba1c673c1e1b3f068549e41ebf36d637bd"
"3D/DL3D00004445.bin","524288","75ba252ac3f02b605d0724d0783a4f52b87ed4be7623fd5b47c8793f415ca525"
"3D/DL3D00004449.bin","524288","00af63dc7547ef3deaa0a9b122da72cf452e5fe1a6e5a29eebe74625b9e16ef8"
"3D/DL3D00004452.bin","524288","8bffdd0eadfeaf81d31b7035cd8b24c6d885ed4b960d2546d3b866d52959aa3c"
"3D/DL3D00004454.bin","524288","df11f5ab6d9cddec158d0bb4c9beb18f080bb5c5591600c4d0784140ed08ff55"
"3D/DL3D00004483.bin","524288","5e3afaf4316190b4c914cb710fbb8a14c949267a0230a9add73f39ff48997e7a"
"3D/DL3D00004493.bin","524288","ae69b280cd0adf9d8d9d322c1696ccb2ad7e8e249fe477bf15b6958d5f902489"
"3D/DL3D00004511.bin","524288","50156f69b98cff0df8bbfc50207f231118176474d693287b37c391366759bcda"
"3D/DL3D00004521.bin","524288","da8d9c063c86871f2fc61fa7a1abd0c57df01e1a5599a9be5ce448c1a949bcbd"
"3D/DL3D00004546.bin","524288","e4a2d204eb9d0b4bc962dd0074d4669c870f3ad8e0f88e5e2c24b2257ff6a5eb"
"3D/DL3D00004553.bin","524288","aff2c60b5c2644ae0a357318af59304a34ce53ba36597b0466d0ee380ad0b1fb"
"3D/DL3D00004561.bin","524288","7205bcc6d8af1ba824aa0260d0589e9757eb3fdc5f38c7504923adb0cb7f2d03"
"3D/DL3D00004594.bin","524288","81b6f144bb6928b19be54bceb7588b3f4732c84a22b64162cb0bbd9fb1a1f13d"
"3D/DL3D00004608.bin","524288","3b8df452b2d962fade999d3fcefbef45d2a1f022bb3e1790c470560499fe85cd"
"3D/DL3D00004630.bin","524288","d3acee6ff2a6b1677a1506a1c4200d9aa91e1204a0fcf650e80e1963c8bcb68c"
"3D/DL3D00004651.bin","524288","5ea68ad2b0328263660913c2cb0fccfd1d7af5e3e0fe14be3e3a5c120e548877"
"3D/DL3D00004672.bin","524288","a5d4d2f250c782fd5bd036d8cb2d685892807d3395abf22dcc03431314bd6822"
"3D/DL3D00004693.bin","524288","31024377de3d0317509e5daf1d15289c243bfb1ba50dfc8e9c6bd5a3902b3480"
"3D/DL3D00004707.bin","524288","8f5536338e8844da7791f2b78e10919a91bca1632cd2c54cd460380a3d4c521e"
"3D/DL3D00004722.bin","524288","de18e7b0642b54fbf85d7eb419114a47e6076f2a4815a4b0ed46e0e164307896"
"3D/DL3D00004723.bin","524288","571f62563184a5c45d7b3c8797d8fc283d6f58395efa1427cb127b493cf60c45"
"3D/DL3D00004764.bin","524288","a922f6e6352c7340a08f874b29ee7d82db4e9583abf0a33a7ffa7a32a5b04045"
"3D/DL3D00004779.bin","524288","b668befe2251e5db256cae83f12e54446043827295ce1cd76711314a9fda489c"
"3D/DL3D00004785.bin","524288","b6a60898cf97b798ff30914aac597d83406a17cf457043f775381a4b04cc5b2c"
"3D/DL3D00004804.bin","524288","06bd00105e61016b929a4281ae647a5a50833f74f589ebf28ca1715ee80757f2"
"3D/DL3D00004890.bin","524288","7b98e4af7f2db71941213dce69acb16df6d29935eb19b7ebb249b42795176d62"
"3D/DL3D00004891.bin","524288","918d2fe8bea2b65c12d09cff521e88b33ef8d4b18811b4f68a188dde9066d5ba"
"3D/DL3D00004903.bin","524288","b5c89ba50127aaa616e6170f89e40274f6122da4aae963fc5cb8dc3860e9b702"
"3D/DL3D00004904.bin","524288","c4cd9a73bd91e4bcef452124b8367f854ec524f2c0c43b8401a130e5465531a9"
"3D/DL3D00004911.bin","524288","7dbbfdde54b554845f58542dd61da61e0329e1d697f5c5a1d3782784d330450e"
"3D/DL3D00004924.bin","524288","7fa816e05ed7b138d49bbd98f4a984c68f32f97999b221c0bf8287170f237273"
"3D/DL3D00004930.bin","524288","17d111f5103e609a3949f17e2497dad207fde99a87486ecff26d8d590ecbea12"
"3D/DL3D00004934.bin","524288","c6bdd32c6d63cfea4253f5b0dc41fe5f3eb592077c733d7d7d31cea3349ac177"
"3D/DL3D00004976.bin","524288","01f8a2afd179d8074178614d738a5e310493d83d00b28d48c125de6d382f114a"
"3D/DL3D00004996.bin","524288","d038fb51f31df18968e24b7dbd0bff3419ec49f87f15e0e53d5699c1ca658746"
"3D/DL3D00005018.bin","524288","b7fdfd3dbedfa5e3bc42720e508e84d4bee350e62d95ce1f2de91b4e53bbbfc8"
"3D/DL3D00005027.bin","524288","2045412dcc8692990eea710c230b9e9f99d0004193eb67e16ddfbd650cc58ecc"
"3D/DL3D00005042.bin","524288","ebc3172375c9cb276f9a535bce667929986e95940b9716c04b057ae230528f41"
"3D/DL3D00005046.bin","524288","a4fcebe87554e228209b637e2c7262c2c8a6c0f5a8cd0dbe1d3f0b5c7ec41255"
"3D/DL3D00005061.bin","524288","23bac52908bec02fadd4cd46da5be19131c857470273e7db8f3eb8e8a5684411"
"3D/DL3D00005071.bin","524288","169d87d108adc308241bbe01a6d915717a4f3767a48b22f0532a0d8645df68b6"
"3D/DL3D00005082.bin","524288","f8aabe7073018e6bb206601a0a16b846a51d69efed68482c2da72d7806826fa0"
"3D/DL3D00005100.bin","524288","6c0143c20c79ca2829e37eed2cf1d3aa87474a7c2c6ea54bda34735b7f01a548"
"3D/DL3D00005114.bin","524288","089457591abfdc7124da6f534c40a1fa85b698518a2455dd37b03418a245ecc3"
"3D/DL3D00005127.bin","524288","62cea4eaf93d8a0553f1d02a83718e33c8ac5247ac30774c0464ca2f766c9720"
"3D/DL3D00005142.bin","524288","776b55e427da2f5ec940499479d618d3a3e81efa35f3b52ffd5401317b83668b"
"3D/DL3D00005145.bin","524288","c0fad0e653b53737f711b555ae59af06b54ad3db58fff2d8f94a911bc2f5d1f5"
"3D/DL3D00005179.bin","524288","4f24145cb2b8a3dd787936ea705d81d15ea20a99a0e5db9d069c14fc41d82abc"
"3D/DL3D00005180.bin","524288","43af67f1d66be73451d11fb65dfefb208ea87ea7b7244625645c7aa90e79be80"
"3D/DL3D00005200.bin","524288","db2057ba6c98c8e1c50ab830a5c3075b709eae5504c1618ba3d0b4a412fd33f1"
"3D/DL3D00005207.bin","524288","194e756db43030125ef448d7ffc2c77f79fcf192228b4ca64f5fbdaa288310d8"
"3D/DL3D00005218.bin","524288","38637977017ae8471a16810ebfe8a4ffe5d1860d7db552a637c362a93c878b62"
"3D/DL3D00005231.bin","524288","feaf87499ed4482ada57b13a92c4c238575f97d6cf9bed3b66e556aaaca613e7"
"3D/DL3D00005238.bin","524288","86598349a8eb479475a75c483a90c221784e51d1df6da66d5ea7477ce76c4269"
"3D/DL3D00005242.bin","524288","811c4db67678e252047f7fe752775a244d288183b83a807d3136845d067a6a7a"
"3D/DL3D00005251.bin","524288","851c603283a857da362eafa782a7a5ac13b0fa453cee50b2c1cf078412661bc6"
"3D/DL3D00005255.bin","524288","6aa293ad75286a9b5037434b031b4a2b45fdb7e7a8c1c6cdfdd29c3a949c2bdd"
"3D/DL3D00005291.bin","524288","3d428830bd83a3c9c620353aea09a8cda45845ec27c1cbc67dcf3216d075aa70"
"3D/DL3D00005299.bin","524288","5486f808ea39e858c515257638469b2c032c9390c03767a2d007f027abd1a436"
"3D/DL3D00005314.bin","524288","2381df0a671f3d7eb83f3ee41405237b0b12201d4d28f60535cd9a3a90ef3340"
"3D/DL3D00005336.bin","524288","e68d0e79d84f4ed318ff204a0c9ef9fcf2719f1225466c84e8e820681ff2add6"
"3D/DL3D00005338.bin","524288","d6e00178d1ffe36077011fa47abc9a09044c14260300a85b7d96f66ee1a3fc22"
"3D/DL3D00005381.bin","524288","512e30a4ad8ac715714ed13b229d732aa74e0acc01d6e6a33488b4d0eeba9769"
"3D/DL3D00005391.bin","524288","da3a2d7dae68b520c395a8e381edebf2f0096197e39287b7744227a617af61e3"
"3D/DL3D00005409.bin","524288","86f03b9046eef5472eceeddfcf1f1dc3e3c8c77bf1f49dc288bfdd0b22fd4919"
"3D/DL3D00005411.bin","524288","e08e012a23e4001cc3e40f1490e3a5b3e65731d1f1db04c7952dd1fe77040a1e"
"3D/DL3D00005421.bin","524288","194ad96d2f4da9963ec24d41f20f500f1ac789bc02e276b645453371cad3f153"
"3D/DL3D00005435.bin","524288","706d8140fce24ce3c18857203ae2277661ca205a38b535bef1c66bb0b8fc166e"
"3D/DL3D00005468.bin","524288","f521ff4e3b7dc5c0f5763a96030aefa7354a5023c4921007bbcdc06ee081c599"
"3D/DL3D00005486.bin","524288","224d61e7c804ac517ec46c556d23f0addd8bfa341517668a55d7447751bc0978"
"3D/DL3D00005489.bin","524288","441ccf3c8fc3a869d2af305a0619f5e8d11bb80fac56f2f02a67dd153394e3e2"
"3D/DL3D00005513.bin","524288","cbc4dea0a73725613035f2364d994362bd9dcedc0c680a5dbe7b98fd182fd3fc"
"3D/DL3D00005516.bin","524288","319353f86c42153c59493c9117e5a31201f1239fb96e80169dac52dd0a3d27e2"
"3D/DL3D00005517.bin","524288","2ba6943bddb704660a9e316461acd3a9831d38c7fd0180efe19b81d209de8f39"
"3D/DL3D00005522.bin","524288","70a1ad19e46b2fc73e006704b3f6fc7d1fcf5aa85829320b2de64dafd48f5c7e"
"3D/DL3D00005565.bin","524288","1b9aebbc422995d973a9a85a2e7e4754f9a0f76cdf7193a6f9d4ffe1901be430"
"3D/DL3D00005587.bin","524288","0a0c853f9b9160753c71067f9d974066a2a8c22693d4d8d802d23aada595ea77"
"3D/DL3D00005590.bin","524288","ec9c8e4b7705911b69e0a5f6152090c8d6bf39b7b8ada1fe86994ec3601b7b6e"
"3D/DL3D00005596.bin","524288","508e3baca04572ad6eb0b34083b8000ad42c5ede91ffeaa2d678ce699c90cda9"
"3D/DL3D00005609.bin","524288","ac685379cf20c6acf7a5d2cd290e2bb6c558af5c5e3d3559f032fa81c4e44e4b"
"3D/DL3D00005649.bin","524288","4cb9d78445f99ed8dca3824de2a2c71c9823c10355a765a80323d5e39c5e20d0"
"3D/DL3D00005657.bin","524288","5bb4668b2a9b69f50187a8c43a581ff67d516a74c512ef88ef5747783c19ad72"
"3D/DL3D00005688.bin","524288","1a7870c5acfeb4065565f6f055ec32a6e9c8ac8b93a9dbb92a340c9a57a93d46"
"3D/DL3D00005711.bin","524288","78b1530efe1b2d1c7f7487315933f34f19af2720abf673f5fb73096929739b6f"
"3D/DL3D00005766.bin","524288","0a6c2e1842317ce65a25a863592d4f79da479ae551d94c16e3b8d6a69333d26a"
"3D/DL3D00005787.bin","524288","fe125137cdee358d56ae0e40fe052e479858990ff5f86db8c7d247e7b1658053"
"3D/DL3D00005794.bin","524288","78e876194bc1c3dd55e03a9f039ba6f1528cae5ba986072cbdfb7341513c1d99"
"3D/DL3D00005806.bin","524288","7bdceeb26863db628a99ee6eb24d0d13980954f6e5230d2b74471baf229342bf"
"3D/DL3D00005811.bin","524288","235cf13f1bae09cced1059ab2b2bd7051efd2d63ec8db9d7b6455d24350d30bb"
"3D/DL3D00005823.bin","524288","5a94411eab1111af87d54b4561085fa3b2cde7a1661187a6be47483893c33334"
"3D/DL3D00005891.bin","524288","86298fd2f1d76ac0559158df603152ea05f65cef9216ab5944f2cb224533b4ba"
"3D/DL3D00005918.bin","524288","0bdb7fad68107eb2377e4649e066a86a38458e3ee50196e594ecfd7d330e9c29"
"3D/DL3D00005934.bin","524288","c05b1abfd3fce3972519b7d833cd6c9e22ce244364d46ea0bf8c075f7b5a044c"
"3D/DL3D00005938.bin","524288","c2e82234c9ec0cc5b4acca18a20a7b10c6208dea63225f7c83c7be33be6422f3"
"3D/DL3D00005941.bin","524288","397af3b9a7610b7d006dd346654f7df2e98b2bf3936d2b911ff2be36f34932e6"
"3D/DL3D00005972.bin","524288","984d2a3b00636d2ebff29ae86dbe6abfef3ae1553df4a645625012c8aaf7fc30"
"3D/DL3D00005975.bin","524288","9f9357451067f042c44027989b5046b8fdbff8c35921c1a867c516faea6cdc05"
"3D/DL3D00005992.bin","524288","70fa08391e35e578f27b5106c29f01e5193e2c48a1e771e48e33e49fecf55618"
"3D/DL3D00006004.bin","524288","9b5c02762fd2042b0fec1a26d129128f87ef685f430bf00bfb8b8519ce550f47"
"3D/DL3D00006043.bin","524288","f6ce13424ebf82bd70452de0ff5ab7120d1193d5bc9d6e57aae4e1accb64e5d0"
"3D/DL3D00006046.bin","524288","2dcd9b5a7e3441af4b9ec9e85b1f574239dc96c1a5346914d7467bdaa0350281"
"3D/DL3D00006051.bin","524288","b432d5f764539b2c0240752aaf81a48762f94d16e8eebc782562d27b6f1b6880"
"3D/DL3D00006074.bin","524288","f97dee16a18de20dae18df0c7ece5400337889e95240a5821f2a5f0eb6cf19aa"
"3D/DL3D00006126.bin","524288","65383254d4728e2630ac10219ee690e843906476d5854d14a92dc1c7d3acddeb"
"3D/DL3D00006134.bin","524288","f556a81de855b912d6395950dd931f70e563aba5d6df54a5ab251a67ad854b79"
"3D/DL3D00006137.bin","524288","3e0f423ff997c1961abd026ed215c044aa8c8c4541ce09cdca10938d2d2ff18b"
"3D/DL3D00006195.bin","524288","2f9cf0b2afe002127a05d9ecbd387c89eb2fd59f994ecd4347ff4e77d5dc2ac8"
"3D/DL3D00006205.bin","524288","b2f1331bfa46bde2e68472a12f37acd39b0ac7d6bbdda26db9b719e63d484845"
"3D/DL3D00006253.bin","524288","4986e1ecf8f74723cf5b207cb8fd19720376f3251189e82dacc5cbe134436a23"
"3D/DL3D00006267.bin","524288","d21467e349b934fde6ec969f3b133d702f3357b0ad6f81a1d9fc131ed2c9daca"
"3D/DL3D00006270.bin","524288","4a61164e3787865fcec86697575108a7ab439a5382dad5a33ae58ff08200cb61"
"3D/DL3D00006335.bin","524288","35dff1c9d1232576ef8725c3e6b5f9e8efcd2b7740ee506e242931db34613c6c"
"3D/DL3D00006355.bin","524288","89b7e08a6a916d4e4dbca3039a0cb538d37f90a706c92ed89e771c280d61acaa"
"3D/DL3D00006368.bin","524288","d3cbb2f15738c1236480c589d17c11c06396146289620ed368e04c7fe95c51d5"
"3D/DL3D00006373.bin","524288","3e59aa5f3290867a28cc4c78e2de1bfe138ab468fb6c491dd9ca52a7cc6fcb75"
"3D/DL3D00006378.bin","524288","f949ae6bcd9d8ca4b90ee852d746ec899727653f9eb0c84a7aa9d9a3d8191087"
"3D/DL3D00006387.bin","524288","c54a43434bc68c466af36f70727f9f9dd102f560dac2f5049b44a94965a418e7"
"3D/DL3D00006391.bin","524288","176a762d903a882f1963b2098b27b7ab83ba4284288ecf8e4a24c6b73d055013"
"3D/DL3D00006463.bin","524288","0e0b93729597f117124177131b0f3983e83a762b730e14e84c5a9a98319ef78b"
"3D/DL3D00006483.bin","524288","025216073f83c42d6560624d1b6bec9d766124b91e7f0f8c702cb6a01bd62b4d"
"3D/DL3D00006493.bin","524288","f1c965b015a477316b6af9025f5fad490212d9d728fbaad305605727bc314a9e"
"3D/DL3D00006497.bin","524288","843baf32f89f4694d460a196ed2109b281ea1f7a137d1b41b517b5de42a20162"
"3D/DL3D00006498.bin","524288","3bb31639fed06bb087ca177b0a4e68e772c14e926fdfe67d9f22e43cdbb07f54"
"3D/DL3D00006499.bin","524288","a62c67d3cf1db71028004d78ee3e3efab19803b4b782a0b610d0fbd02fe2113b"
"3D/DL3D00006506.bin","524288","595e038b701f50a869783427212af89b79fc3153002ce442ba194895daa65cd4"
"3D/DL3D00006522.bin","524288","55b631dfefd87c6f4a7db0003c5fff358c937be7b46839ce7316a74da3f092f8"
"3D/DL3D00006529.bin","524288","2fe6e5cbff9b309316b8578fc22475f13b59dc9e3c6bbceb7118211899f70179"
"3D/DL3D00006571.bin","524288","d0bd98928e30d600ac15c3ecfadf11881885511d4bc7f5c4b4d12ff66917740e"
"3D/DL3D00006574.bin","524288","3619a5940759a4e987d940f061fcc3f8f568d75e7cbc0ec36fc984889fb303f0"
"3D/DL3D00006579.bin","524288","63b90aa650a34496ed2bdb9f4bb7cf131d74faeff0ff869fc6a26041f6e9ae7a"
"3D/DL3D00006587.bin","524288","94b4a437ff8a225d47c584a5c7ce469f28f14045ea763dc781e0221a8b633b4a"
"3D/DL3D00006604.bin","524288","a8f0af8eb66563a0dfe84627f25bc873e16028d6985dc93fc58e465a6e4e1892"
"3D/DL3D00006613.bin","524288","6bf40bcc9f3061fd4ed32144f81fa6329fd6f2e0a6732a6f5be20518b73dc5a5"
"3D/DL3D00006624.bin","524288","f68083dc7f44452de26efa86a4d3245078ec34400b894cf41030636df2d13b41"
"3D/DL3D00006631.bin","524288","90577186cc4d66ff52a48ed663c4dcceb65b267bcd23a306f382d1c15fb24c22"
"3D/DL3D00006652.bin","524288","b1f180ec9c51f3704c06059e14c0bbae241e41133524c3369a823673d074a03e"
"3D/DL3D00006661.bin","524288","fc17d045b6188c83afd0a2cf59c2273aee27265d48632c8147b62589c8461c70"
"3D/DL3D00006713.bin","524288","141bdfba6c2519f5ed7c810a920fcce6fc9386de67658a699cf64064be5e5f8d"
"3D/DL3D00006715.bin","524288","cf25dc01eebe5310220a1813f485ecefdff42ef05fe1d4b4d320ce36b8439fab"
"3D/DL3D00006725.bin","524288","96ebdcf383497ca811d6e8fe47fe3478267fc57266dde0f9068649d2ce6dc75f"
"3D/DL3D00006745.bin","524288","5afd064a97937e79c0b6ad833ab76689b40f4535cf1870303b5db525c5971a12"
"3D/DL3D00006776.bin","524288","656412569cb454b82ddcb6aa51133552de079c1eb3155144509360065ab60a15"
"3D/DL3D00006778.bin","524288","10c73b96fb23041b4bd726f711c5bd51fc4ffb3654b4389680dd9c5affe58eb1"
"3D/DL3D00006786.bin","524288","72539194236d602e771da8d2ad236f8152ad9674e5fcdb2534b1ad72c3c18f1f"
"3D/DL3D00006801.bin","524288","fff8bd400020df2e2271df2a0643eb41a54f3c99c3c2d86663c38d217f47f94d"
"3D/DL3D00006844.bin","524288","fdcf60ffc095d34c381cca6b036bcd1d7edb6d19c49dbd8fbed303ca3d88ded6"
"3D/DL3D00006884.bin","524288","873895dfe8ee695505747cae55a66eb7678728b846a72d69536ad149811356bf"
"3D/DL3D00006905.bin","524288","3af82f04a566f400624c65b960eeeb5e07eba57e8a2c15fe1806d7ab31973de4"
"3D/DL3D00006911.bin","524288","66a59756937f8512c4e2632496c8f13233957a6f1fc8751e885358a177658f99"
"3D/DL3D00006931.bin","524288","aa2994f78491488f166d85201864092ccc2d51ac27aeb6b1e75ba67a2d13b81b"
"3D/DL3D00006932.bin","524288","c4344d974cb41d5b6f152a20a5be9a912e3a552be95f3fc3d66d86f6733db438"
"3D/DL3D00006955.bin","524288","0fe082217f35dafb9f00f36ac22702f08b70554d29ddbb254287ec9d5779b052"
"3D/DL3D00006961.bin","524288","dd8ac3cb3b15ac8bdb64b3e26c65d670719308c1759084b80ab93535d7e9654e"
"3D/DL3D00006968.bin","524288","480b4f7b52495cefff7db9ae95315775b2b288bc031a45cdb95c5761006ec735"
"3D/DL3D00007032.bin","524288","5172c17ab782972e3f3d65ca1c90f36f3883a5317dd7602cbc7eb6290fd36c23"
"3D/DL3D00007035.bin","524288","e48bf09076a6c2b75efeaa7413e9fd93f7bec9162c1304c42d10fe2b261b9888"
"3D/DL3D00007051.bin","524288","c1e54c0e5263bcd6524cae3c6c83b1ead61cccbe4bf37d727638aa97d03fa831"
"3D/DL3D00007124.bin","524288","1d743bd66ce82eb55cafd3e807d1c7182643bb538168728519c0e797efbd85ba"
"3D/DL3D00007145.bin","524288","236268f323e0e516fbf61245971be03339b4784b235dbc39a5708d5d1b4491dd"
"3D/DL3D00007188.bin","524288","b4793f8c31c33503021681edd7b7aba6735459c0bc9aa13723590421ca0f949d"
"3D/DL3D00007190.bin","524288","604bcf9d2f40b9f77cb4780eee2e9ac4f032bbd74bd3990f12de76652b942a38"
"3D/DL3D00007218.bin","524288","0b691542a1b5f080bbfee26f3525a863d4bff2e5d1ab87662810c25afe8f032c"
"3D/DL3D00007247.bin","524288","5afa42603a59be1b43b63e8ebd7fcfbe16966bff1230411af9bb03818c5a4231"
"3D/DL3D00007249.bin","524288","e8f1e48074656e0add46fd49969b84b9b7af35609308141108de561eebcbf7ea"
"3D/DL3D00007254.bin","524288","ddb25f79fe7b415f57a8fd344f4bd01749ef92709e39b46024fb2d0e2303d9e4"
"3D/DL3D00007259.bin","524288","eb7a0f52d76081c2b88a5e53529c83c051425fd40fe87e2cf53b94655382e9eb"
"3D/DL3D00007278.bin","524288","c04cdf529708d64d6fd43a9daafc0341441336de7b8eb3d72583776fc8760219"
"3D/DL3D00007312.bin","524288","2c00df79a6bf30736282bd23d876e7ff15e3716f6acb52ea1f924eae0f858049"
"3D/DL3D00007317.bin","524288","863f107fc6f92bf7ddfd454a7d7e60974b7918382f71f9a89f0695de7bc26b05"
"3D/DL3D00007318.bin","524288","b12e547f2731061bfe0a9e951157a05184c39946b8b68a91157fb5e3ff0095a3"
"3D/DL3D00007403.bin","524288","e49e8f692f4c636e9090c93118c1cf59ea6b23ee94794aa9374945bab9a417f7"
"3D/DL3D00007426.bin","524288","307058ede171370768d80b9ef8522593a156921792dc613a2c53c97781d32ba9"
"3D/DL3D00007432.bin","524288","c1efc4506c5a61dd27f6ba38d5d8894dd829cf1646371e0598593747b6ed985a"
"3D/DL3D00007433.bin","524288","49e39b1f42a32cef3ac20e23b64c557a353004fd149114a908ea5cd20e4f0846"
"3D/DL3D00007435.bin","524288","25fbda88e0065eb9e3f2ae1fd95e37e32bb3fbdd97ec2005048731e8946a4bcc"
"3D/DL3D00007443.bin","524288","8fbccd64a53bd54b73f12ca039ad9ce99ad716d1981c65c4cd3ecd4363103c24"
"3D/DL3D00007480.bin","524288","581cbd9a8fd2d59150cea6a50882753d08b55c4dc70c10e2a8ad24aba7330d9d"
"3D/DL3D00007503.bin","524288","480a723589412a0df74701f774ebb67a4bed46d3a0ae273b189960f9b027741e"
"3D/DL3D00007536.bin","524288","c0d648448428d830107b7afd7c802de62460869c2c5db93a5ccb34166bd328c8"
"3D/DL3D00007557.bin","524288","36fbe3709a4bad87901b9c51ba3445b67410f7423f248f0d7a8149bc7aec5ab9"
"3D/DL3D00007704.bin","524288","0bc1f546feaee5fcc2f817af081715806e4aa4829e4011d12ffa411f18e5cba0"
"3D/DL3D00007716.bin","524288","f91d4b283125186817814c65a49c2faaf1d0d2b1d173d9969ec1452594275717"
"3D/DL3D00007745.bin","524288","0024d46221298285803cddfd362fd3a13c4369d7c32f3332edf015da50686273"
"3D/DL3D00007770.bin","524288","53d136cbd4dc902df98c9c5f8b701c2a5ae66bdfec68c0cd4e8d88d6b792aa94"
"3D/DL3D00007782.bin","524288","08719cb9abb5d9408bc1a466c1848624644e39a43e8d1d8d324b6481cd0d3e43"
"3D/DL3D00007796.bin","524288","0637cbe356a6dd25652e2195f7c6646d5067efbd979c225657df290e9235a318"
"3D/DL3D00007807.bin","524288","365b0411267b7f753b4821da8262d32993a2fa828485e301f36aa652c64c52b0"
"3D/DL3D00007809.bin","524288","55cc0c6ebef6f6cca823a873735cec14b50ff4fcf4d4571fe0c2833fe25b65ec"
"3D/DL3D00007827.bin","524288","0d5dac88b35887b7e133439f7cb98a385ded8b17704a7bbf2fb0b7bbbb7f902b"
"3D/DL3D00007834.bin","524288","bf04b091be659251ef38937fb927fbde12e4cbdea590d85159a46656e824c462"
"3D/DL3D00007855.bin","524288","71599770a5fd95827bbfcc8ea92429dcf5078f4d13028625c08479572de90b29"
"3D/DL3D00007874.bin","524288","a963d0e927d3d60fcba16de9c6d4d374686cc3f9e806aef35395b8302b03f82c"
"3D/DL3D00007895.bin","524288","9a913e2bb65c4260992dc655b1f71bb3943be33efefbb3afaca527f4f59cf369"
"3D/DL3D00007911.bin","524288","7caf875aed6416bd8c5e241291edcfecebf19b01158e295c598fbd4ebbebea67"
"3D/DL3D00007934.bin","524288","6ad75b96e2423973ef36cca12087300f6b175acdaacc6dbd29cdd8ceb2255af4"
"3D/DL3D00007939.bin","524288","96cb3ba0b7ee81f97eb2eadc73795993462a7e2275044b89b5d7c3eb76ad65ea"
"3D/DL3D00007956.bin","524288","53f112bc9c218811f461190a16cd3f5ecb7a1171aee45168081946612bf8f7e2"
"3D/DL3D00007959.bin","524288","bde5784b60ba0a82bf09d09e40ad58304ec1e170ff01c3adc7fa8d474d754d76"
"3D/DL3D00007995.bin","524288","3f07dbf36d54d2558c98239f5c1a0bd96177bda0b0563b8106fc2a557a9f8242"
"3D/DL3D00013008.bin","524288","1cea3d6e7372446336abcc5fbdfbe6d73ac113731c34e861413e0715f2e6aa78"
"3D/DL3D00013026.bin","524288","0c5767aa9a6ec3a945b87e2f3e8688c7d2e5ad89bbfdcf38206047ac38d93100"
"3D/DL3D00013028.bin","524288","75fd8f3314cc166fb9217f5d111ffaecea957a31c7dc46ffe9fdb72c598f6c16"
"3D/DL3D00013033.bin","524288","aeb45b71ecf552034fb1349437fadfe6ad9be83bbfc6ec5cc9f379ed03ba96eb"
"3D/DL3D00013034.bin","524288","5a7dac99747889bb60ba4ba56e785a8cce17a2c59f97bb27063909a7fabd5cdd"
"3D/DL3D00013035.bin","524288","8e1afb9ea592871976d506f1856ddc6d4e57f6cfd83c12b5502b4a7baca04d88"
"3D/DL3D00013042.bin","524288","3710bb1088f5537c303d9e324b354801272f15dc47061a13f16c72a43cbc60aa"
"3D/DL3D00013072.bin","524288","8ddeabcf54db6fc7b13794c304f3fc4cc14ef86991aaf9b0db0e6c607455f495"
"3D/DL3D00013086.bin","524288","89bdfdcfc372a6fd356f17fac4be57923cc489e8bdfd579ed9be7177c5bd823a"
"3D/DL3D00013087.bin","524288","c84a787533f5e575bb13e59e59a1f0086555258a85991833c151a26f7b2a13fe"
"3D/DL3D00013109.bin","524288","3b4ff22a2d9aa81ff29b63d297d40ff693d76661b8727a502bad96d3a7f093a5"
"3D/DL3D00013118.bin","524288","bb4866d1586532ffa985b03863d32de3412b5bd688e5896ba47a1a50540611a3"
"3D/DL3D00013169.bin","524288","dd985ce32029d70e87cc28d6fb6a045b16d8f7ca72d2cbec99c8fb2b20bdb3fe"
"3D/DL3D00013200.bin","524288","8387c15196b05663bc17965e78be5c8f490fcf5d598a31f4408642cb2c4d69be"
"3D/DL3D00013208.bin","524288","35701e7497a6ff23058da9c9100c13c79e2bf11b0897bb199f19e20ff90580da"
"3D/DL3D00013257.bin","524288","532c925d47745796ce8d0df243ef1efda27033f434fbf8da5f506f5b54800e0e"
"3D/DL3D00013283.bin","524288","9e5368bc46f9811924ad4f9ede9d9f79e7fbacf575476bf5f908236916745988"
"3D/DL3D00013290.bin","524288","cab8b0420dc706544de1b91e02d8613fa18bf16ad23bbe6e32945f2c25601ede"
"3D/DL3D00013292.bin","524288","c325beb7b32f253a94420b596d8b13e4bc1b4b4e46790cdd2a771a83eb07e07a"
"3D/DL3D00013294.bin","524288","b80c285a68ee103107c620e175dfd12eb0bfd75140e7758c6482100c1f455021"
"3D/DL3D00013316.bin","524288","f41decd4fc2cc76bac1056ab73bf9561c06a6b8350665aa8951c1f419986a116"
"3D/DL3D00013320.bin","524288","f2f4743cf26a40178495c6e69e842db4a204b71354f4887be820fc137d8450c4"
"3D/DL3D00013329.bin","524288","02f3f09b9a459c2d90a26a231ec0f9a68a5db319cdaa3ee071827618e7cecd4e"
"3D/DL3D00013336.bin","524288","9e4683acdc39950376055367c6f2e07cc0d691c80efbdcd526a5058665a54651"
"3D/DL3D00013340.bin","524288","9a7fa2b7c522b4460be702a3c780b972521bfce645a976ad7b99884698cff17c"
"3D/DL3D00013342.bin","524288","7f6b80bb550a084406b448024c5a411435df2efdb2f43fce176fcf788f5f9e56"
"3D/DL3D00013349.bin","524288","4febe0e9b313fd0cc6b8646b7dec71b19bdac38e024032b18ff5a0c094d84f3c"
"3D/DL3D00013388.bin","524288","13f33e1b6f1daa486d9b7c1c63e3385be12a500fca435f1e0b3e5f1cdec84b31"
"3D/DL3D00013403.bin","524288","7ea5f8fd1875438c4e505bc3302e3dfe01c53febf247e45bfa17a7bad861751e"
"3D/DL3D00013423.bin","524288","2a83355191db112ed3b2b9df68fe308afd6560eb9ba296867cf4c6e8a5067f7f"
"3D/DL3D00013437.bin","524288","85bf19c98d94f88d25e0a8c18b398c2e3646daace1b3d75e6cafa85cf0e7e520"
"3D/DL3D00013438.bin","524288","f056912b69bef38a7a03afd5cb330061922330368f693080a5152bd71fff641d"
"3D/DL3D00013467.bin","524288","b9e49a41eedf96f0a5de44d8c4c7aa7d865e90f6d4236e2fcd38dd59e87d623d"
"3D/DL3D00013493.bin","524288","74fd3c5e39d3904f28d66448509d81313133ee088965b3f2099ca8a8cbfcf2f2"
"3D/DL3D00013498.bin","524288","9901fb0d9b93174e964e232161afb029f39c5427cb1fc776df7f3fcbca00daf7"
"3D/DL3D00013509.bin","524288","96c63e3468be20fbd420ee557396185c062593bdec288696a81ba6ad3911fa73"
"3D/DL3D00013513.bin","524288","94ecb4e428941ce0e91dcc4cb0655d94447b9012bcaa0c6f7f9aa70684337f52"
"3D/DL3D00013532.bin","524288","0eed063ee25267470e439ab040a89c30f206fcb49bfa41ceba0c648c4910573b"
"3D/DL3D00013543.bin","524288","958e930394e93e76d1ce2922940af8957ea98107c7da423be11ba687201564ac"
"3D/DL3D00013548.bin","524288","4db7de6b1bb3509fb203f751787f2276f3600420de811d7720b0378789c4f16a"
"3D/DL3D00013554.bin","524288","83f6a0dc5524aa6c115653412cb2ecd54049781006ce1068657b96a57d121976"
"3D/DL3D00013555.bin","524288","137fa593a72c99034d758b6121b33c303c1c609ea31894e65a5e0a3beb727b64"
"3D/DL3D00013569.bin","524288","2bd911c5a2a4335b6075b07766bd5f6a21fbb6ded09633f3745ec8ca4943e857"
"3D/DL3D00013585.bin","524288","c634deb8da588f22fc2cff2acecf2a29ca0be8f359f2912928c9fdbed94f1e9e"
"3D/DL3D00013628.bin","524288","c7feb323907a2603b0e9d2c7c9157090d7d0beced1b47f742b591b60ebf50557"
"3D/DL3D00013643.bin","524288","7e57f5d96edbd6982d4f4931f16c6a408b3bd096df5815d18b38e51faa369c94"
"3D/DL3D00013644.bin","524288","ed904531c74d5808ea61a1a899acca089ff69022f050cd2dba4d863feda3789c"
"3D/DL3D00013646.bin","524288","372fd20954d7857be4c9d986189c04253aabd0d7faef56ec553251a07250e0fe"
"3D/DL3D00013662.bin","524288","4543b8ceed542584348ba1dfa215438b51c58b3f8e94415f5714171603e7ce08"
"3D/DL3D00013664.bin","524288","f8c4640ac3d7f41d3d41587e3120677dcbd9a25d3c075a5ad30560aa6a64ae6a"
"3D/DL3D00013675.bin","524288","f2bf3d71b2ef7a24b06beb55fad7ddbe44d61dd0fab56c399b270cb45e309ab5"
"3D/DL3D00013676.bin","524288","9d118b8980a24cc0f0cf7394a78f023c663be445bea811ce7790d6a8213273da"
"3D/DL3D00013693.bin","524288","ea1d058c63f2373aa04160701555f09ea9cf4f9e14fda8d14c880dc5f2c5a58b"
"3D/DL3D00013732.bin","524288","c7584b9390709ce854bb021a684d46405d320cc618c235f8ba085e56976587a8"
"3D/DL3D00013771.bin","524288","74725f19485a823835178207c5104e40e64f6f9da06c9e5f3d501bfd0393f86e"
"3D/DL3D00013804.bin","524288","54a30d276efd7f5e792706eceab05b15e180c1436ee37f083c09f1bf3ce4d876"
"3D/DL3D00013813.bin","524288","8f78dba157843e429feb3651f239902a15996322814268750cad197d481404c2"
"3D/DL3D00013815.bin","524288","26fa8b6703dd5947380b14be4a2b9717975d108738b14f99da16a340dff16755"
"Truth/DL2D00000009.png","1953","a5ea21d6ac69b0f3987fac39d1b635568b4f1125ff0bacd5d4e3478c3a8fdb8f"
"Truth/DL2D00000018.png","2993","4b537197b767f6d95c60fe3ba3ac745b4f1c1e45d173ebc5a60b7bbba857979f"
"Truth/DL2D00000041.png","5217","6c0fb51634d09792ecdd8a9e84f0570abee47099aaeaeedc99ac9967ca2257fa"
"Truth/DL2D00000057.png","7145","78aac653b0173c093ca8311221fb095c7505fecca6dc20d9de9d97a37a568e77"
"Truth/DL2D00000078.png","5709","2a35bb2d8dfa4420bc0d763f33f752901c2e11c49dec03e476664df7f447f450"
"Truth/DL2D00000084.png","6446","3a0c4110c562b71679aea8a1d367754fd7017295e39d05ca337ed5a4b2e85895"
"Truth/DL2D00000120.png","1118","f12ab61078536c05b9532a9810e60a46bd0a14670fde42472054ffe5b2e400f1"
"Truth/DL2D00000188.png","6138","9d27bb4234fc70d47973fd6ffaf1f279620c6f2c7b9f69802c2f55ca7179c44d"
"Truth/DL2D00000201.png","11153","28584c36804638256349ae91a5fe8ec82763d63b0b67667ba535d8489bd86733"
"Truth/DL2D00000202.png","5450","da56a6fdd23f97a358d628550dfb04b1afb45674b97af61f4bbe644b194f0bb6"
"Truth/DL2D00000231.png","14470","1d9bc97dd39d77302cd9bafbf5565423a531ded1d9b17dd309d2f54cc2875b4d"
"Truth/DL2D00000270.png","5176","522d9f8fc7a2b1cf005592d5eab99a9332365a94eeb8614c97337d51745a1d86"
"Truth/DL2D00000289.png","1710","0d40845a2c9c6a9d9d46a915052869c716f7ff8be439ea95b59a92d50d95690e"
"Truth/DL2D00000292.png","2663","6cf5fb164549a7a2c55b3fc0d680baa64b750af9cee28b60f861f0729f10d67b"
"Truth/DL2D00000295.png","1405","71566f9a54e69663950c1e739baff66a40aa543d50afd5760c2eb236abc935f7"
"Truth/DL2D00000310.png","650","8648128c25f8a7d4cd1bc1dc3b45bd10cbd6e78158461980b3566345c180dca9"
"Truth/DL2D00000312.png","796","c876d1bb8a66cae16be070ab23366ffd67412d0203544507a313b0094db60056"
"Truth/DL2D00000317.png","1353","3a5fb1a0dd8f4d81bbdbe66c8d78e9ae542e4b3c8659a7871521cd22fc8a88ab"
"Truth/DL2D00000335.png","2431","1f47e1f9b0692dd3b20e75261405c22c888fc3662e26cdc25c055a699ea72b0a"
"Truth/DL2D00000357.png","2482","df0ab6495e155566e17419db78d93606dcfe5fd1507bd041ba54f00be267767a"
"Truth/DL2D00000389.png","8395","40adf10dd13e7b5b79d6c7dba536f1756d98cffa5b497348fc8ea80edcbafb32"
"Truth/DL2D00000427.png","6040","d0d7da27a9b2e7ccdb8c02ecb66813baa7779f23338e002637e84f58176190ce"
"Truth/DL2D00000441.png","7276","7217eb5fd8d025aefa41985f12ca393b82d0eb01b7fc2360c824689a6265c834"
"Truth/DL2D00000465.png","1175","a7c3e3ed125c5081590c922907d18a8e4229a63772c2021e3521171f60ca08a7"
"Truth/DL2D00000477.png","1178","54fe0cf9636a84c21ae7615e88a2f6a49ed1e84e4a0e13ea07a9172fa504c81b"
"Truth/DL2D00000495.png","1539","c28daa06be5cb0fb545133a07e71048853884a39ffae56513c7b44a02b912d3f"
"Truth/DL2D00000547.png","1698","4512aff4d405f91f016958f2dbd945f0a5ba93fa1909910f3d451e903aa0ec54"
"Truth/DL2D00000556.png","813","a57106e7775da90e9a3c601d2f1340c881ea535e78f15397398446e7e7c0b4e2"
"Truth/DL2D00000574.png","1954","22e1733cc18f55238f6acdf87f4db5dd12b760f56706be3f12f5972725d7e494"
"Truth/DL2D00000599.png","3507","4bffbe2801124f64911ed8d366a814bbf7b1e081d83745ea8dbbb37a9189758e"
"Truth/DL2D00000607.png","1235","b741e6e759895e1db0ca89238d496349cb228d5428cd075cee98a8007c0bf207"
"Truth/DL2D00000613.png","1697","3c84603070285e480bcabfbc4f7381c69402fd5a32d52caab4ac035568883745"
"Truth/DL2D00000630.png","1224","945e99af79e2583a2edefd539923375eecd5df7d8f66b6ed78ddc0f53264253c"
"Truth/DL2D00000632.png","1319","de94ff7fca9ca6ba2bfd6478623b01fe5551a33371745604b41c7b453fd4b688"
"Truth/DL2D00000660.png","1146","abb564380a95199f29bb96036c627415723b30c2ff4882b4d0bd0b078b2e1df7"
"Truth/DL2D00000664.png","1527","5906af389d4d0f80fd03335bda150479470d64d97fdcaa5d0a4c86fc64fa37d3"
"Truth/DL2D00000685.png","2476","a04a982fde98f1e531df5fe4d76cd04b72886cb8561cbec91ae2a206d8d20d77"
"Truth/DL2D00000740.png","1260","906dd3ccec69366a9b020923cf44835b312cfc0fee0cdd063df209f300ced6e7"
"Truth/DL2D00000757.png","1981","fde203f51eab96662bce2acab88307a41c0dc134737ba87cf850ee3fcb228dfc"
"Truth/DL2D00000764.png","1183","3f6a26e2b48b6424ad1a60e0e64e2f4933c4df34336bc4062a6d23e92da6141a"
"Truth/DL2D00000765.png","1104","783848976cf94deafcd9acbbe03d1f5182f8eb5f3546255c654f2b5c83916835"
"Truth/DL2D00000785.png","1198","67394008b7748d166f0fe65f345cf2dba2d87a366af0d3413ec95f363653a418"
"Truth/DL2D00000810.png","1175","c568879c2b3d7134b8b50ee9950c77705e88312e31007b429804970abc0c8457"
"Truth/DL2D00000814.png","585","3d8b161bda22b8c051b4653de00326930433870e430485d691386c6e09e43d73"
"Truth/DL2D00000819.png","1001","fdba3270570d41c5506b7895189f5bf59b744caece8115e2bb7182ef518cdb1f"
"Truth/DL2D00000828.png","1590","c5c240a20b10a78dff759f52fa28b1b6c837ccf757ebfe220a6c925875f273bb"
"Truth/DL2D00000830.png","2327","a6f6fc5cce937fb6fe8e7dad1951b8cd797b3b08403002b1a45c27b8acb9e188"
"Truth/DL2D00000883.png","5378","beaf3a1626d8b899e0b83cb9951b665654105429b78bb5374c5a304c99836fd6"
"Truth/DL2D00000897.png","5788","2c1ec27e85ec21574513652a0798934ce4912b87680755fdd5bf5f58ad3ad04c"
"Truth/DL2D00000928.png","1944","d55cfd26aedf35cdd90f678fe5874057f90de7f1b53d735864cbe7dc38133829"
"Truth/DL2D00000953.png","1733","43ccdcb20d6791fe860cdeb7a2eb624bd88eee0fd37317917f901df8515a929b"
"Truth/DL2D00001002.png","1047","e5739e4ad626bda691c5139793e043c3de1e6b927a9ab1ccdff11012fb19051f"
"Truth/DL2D00001013.png","2005","33a64ce69e7afaf617cadb68d664feaccc907da005d8d7cd87ac971f2b4c759e"
"Truth/DL2D00001020.png","1548","2cbe3f8fe92f9c549626d2796f7628d3e67d06805c9127b32dd241bbbcae2aa6"
"Truth/DL2D00001033.png","1693","0b7d5cacb0bf8535f3ead1cb68f92e9658dfd5ec5a45dcd3e44d543aa4165955"
"Truth/DL2D00001034.png","1373","36b837c1b7f85ddc24bfe2fcbd39d916b830e0aebc8596c25edd4f8310973bd1"
"Truth/DL2D00001062.png","1530","d5e2fe5d113c9f2878be79c37291569ebdd40b0cc056f028ca14f334fd7f1528"
"Truth/DL2D00001064.png","1313","cc8b2b2522ead5df48637bc8971d094115fee5eb606233ce6a22a298c31592fa"
"Truth/DL2D00001073.png","1169","0e71c9e1a070765e98d34efd8b1fc7702f8aacb54e280d41acaf2e0bc0db6009"
"Truth/DL2D00001079.png","1399","fcc85a70fb256989e4d315aafcb3cf70a6cfab8e6a3d3c488be3fd24783add33"
"Truth/DL2D00001133.png","1616","0e34759c2ea71976ab3fe25e1e0bc588ddac6d5db35649979dd44462eb73876f"
"Truth/DL2D00001134.png","1640","eb8c2b358e294c9507cc1d29615309dc38845714b57cb8d1b53a14ca638fb239"
"Truth/DL2D00001135.png","1373","986d03437615e6e38e0fa46fc2a8433522b41c58730fbc00aecc70037095dd47"
"Truth/DL2D00001177.png","1397","370c273f86d70f4fa38b6a4d721d114854b03263ca2a917867219b29f8d54af0"
"Truth/DL2D00001178.png","1631","329a91fc348d5386d1b2a16b35b5ab2f45335849c7735abe3d40e8eda322990f"
"Truth/DL2D00001190.png","1134","0463079eb519b4d0f38dc3fb11ffdd6de8fb554f808c58f308bde0c8ae428286"
"Truth/DL2D00001195.png","1174","39ef4f5ba6e174a2bde134a848a114895b8d4dc86386618ddb9ccf8227e965af"
"Truth/DL2D00001207.png","1140","93fbb56ef065207c48958cb95c123bf8546772d162e4ef72fab483af06fbb7a2"
"Truth/DL2D00001210.png","1228","c98636a9af79b50c2cd90ce106eebdb5a655be01a1f7466445b8050380ff6c05"
"Truth/DL2D00001220.png","1594","af0f9aa0dd2294779b9f1ae2698e238133d1ba6f6f001332599c90ebc191d2c4"
"Truth/DL2D00001237.png","1708","bd2ababfbead06808f6f8484604358cbdecbcc45860cb9dc18dcc71b0dab8fd9"
"Truth/DL2D00001250.png","1805","fbf1b86fdd4751a57711889e2d28ad2389c817cbde75c184d68307a7bdd53ea4"
"Truth/DL2D00001255.png","3096","b57b84944b31b0b42d16217f4bc3d2e1ca50966d9f1f8f03792c258f17761d9d"
"Truth/DL2D00001301.png","1213","4cab3ba428e00b7a01e6d5f9dbac071b4aa82b374492fc0b5d5e968f6962cb48"
"Truth/DL2D00001311.png","1235","dd950f603c82780162fac243402aa7da53aa55819e4d3afe6b3db61f8ec1a762"
"Truth/DL2D00001323.png","1604","811d676fb1216cebbc78d0520ead62a064072c9ed7254c6a903c00b277594c4d"
"Truth/DL2D00001348.png","1586","69b344a5af988bb5642a9e255e9547e261965de0edbb866662109f68ffc6af5a"
"Truth/DL2D00001350.png","1214","78dbafb87eccaa1590c4df986b6dbd2eb6fb463c8a6d7bcb235ec69a2510d4d5"
"Truth/DL2D00001356.png","823","6237b734415efb715f9f03a6a2d4703439f0e76daf303381efcd2ff3284b7ae5"
"Truth/DL2D00001376.png","1337","6509e921c0d61531013d0751efb795232b5cdcb2133a1226a34eebbacaaaf089"
"Truth/DL2D00001393.png","1260","639499ce8fedf6fb65182173fabc6f0fefaf5819be838c318622b6fb41dd0c08"
"Truth/DL2D00001396.png","1537","38afd44cf669fbf3a7fc4471bcf72f858e554dcbb720eb22ab917a0ff3d67d00"
"Truth/DL2D00001397.png","1514","0e0f75f74788e879de1f3b46ce5663b0a5c2b9c238dce10d3a2596391ed5f978"
"Truth/DL2D00001413.png","2122","63910a593b4ad0b6a1d5e21154a1eeb919f7c631d6e097ff44ee684df6b0d5f3"
"Truth/DL2D00001461.png","1106","505c8e12f5050244e951a25ffc62860a63c74e087ae34fe2b3a330a2a6877b2c"
"Truth/DL2D00001469.png","942","c8961795b9461809c133e0f67d2b3da4a55dd787f245c3968ec40f8ed40ee112"
"Truth/DL2D00001490.png","2178","d0615e17c23b94ef1016783df390e33769c61012b983e912508cf2a9cad2f1bd"
"Truth/DL2D00001492.png","2332","43f39e3b083914b2df73bfe465359b017805f88fef09facf916b5d08f85364a3"
"Truth/DL2D00001507.png","1086","dc84f4183ca8979480f13a82c122bc1ccaafd1c7eb95adc5cea483a962830b28"
"Truth/DL2D00001610.png","1822","feb78d76824c53853b9945b1652848aede544b23c84357e05cf4a66ee708246a"
"Truth/DL2D00001614.png","1707","ad66865a83ed5b03cd802c141363f4ad1ed4c3baa3d2e47cdeee885e4f169d07"
"Truth/DL2D00001643.png","2938","74fea92df3921911e1323b4796bda8ba3f198b1b5cbb1c74bc4c75e5ac0c6922"
"Truth/DL2D00001667.png","1642","1a7981b37ddacc210b4b05221417d86e807a6d83cf01a5104cfa9de959ceb59f"
"Truth/DL2D00001687.png","2018","e02b0db52215e7254e3a734abc651ede9a9c83ad2db6f845b8b8603dc8fb96ae"
"Truth/DL2D00001688.png","1932","0e8991603808b991e30cfc9aaad0152d1e187241d5232d74c5f01bf98e9f6698"
"Truth/DL2D00001704.png","1616","48d9e17e2c84ef9d5d88f0d3171f9c6c865c3a0bb028a8b95ba44d18d39c952f"
"Truth/DL2D00001721.png","970","fc414f48cd4f688613a8b6a8d6c301174c139df3e43345b6d66a5a908db33dad"
"Truth/DL2D00001756.png","1316","e9ff3ea3e4b503a8bedb6d5bcb26c404735fd16ce46e6c062dd7297d69c5cd27"
"Truth/DL2D00001767.png","1233","5ed5ef2bd34f7e3caa1820c6377a86abee31f5dff261a9ec48ccf92fd4237314"
"Truth/DL2D00001802.png","1862","60e88cdfc27989bce9d93e8c44bf01829f47321b3eda1840ebbfb38bc8dcf196"
"Truth/DL2D00001823.png","1360","2bae18e8b75309b6050fa42749d77dc6a94b2ed1527f8b42dcddc5729a0cc314"
"Truth/DL2D00001835.png","1655","15ad98531146ca83432746bc6be09337a1bf6d43c5f2cd848051a0e1a599a0c1"
"Truth/DL2D00001837.png","2297","faa471edca81acc8613225dc9ee04f8df31da999fc44884a7c7681eed4e16822"
"Truth/DL2D00001869.png","1128","2d147812f2d39477a1f49ab0637f3520dbeb4341db74a4e7f0dd8351bf539041"
"Truth/DL2D00001900.png","2217","5c4bc66730396a8fda03ae07985f65cf2df92887564eee4ba808830ed3a4ccaa"
"Truth/DL2D00001920.png","1265","677e9a497b0df1d3b239e16c92b0c2473657e18254875cead8c67afaf290c3da"
"Truth/DL2D00001922.png","839","ecf2e02cd0e1f35e0c52fc1ce2b21452748e18d399dceec41823f69138bb7bd1"
"Truth/DL2D00001966.png","2031","81f65b1dac71e0cc22f1e06903ff450b590b31d1f5f53fc98d79d8656865f52f"
"Truth/DL2D00001984.png","1625","e868ba7aec186e8e33371e8a224ecaa27a9f5e1edb4e62e6b481a0cbe8980291"
"Truth/DL2D00001998.png","1527","b8c53c641772648f51cae2dc69999b4a2c11b9101b5bcb33b16da4d6fd7e8df6"
"Truth/DL2D00002039.png","1529","7512fb496fed10cfeca68c7d8fe120b6e9e9f841a8b17954455918562d6115cf"
"Truth/DL2D00002044.png","896","04c5224c750f6da41aa7c9668722e04ad9baa93571dd11ab5306268d6741a181"
"Truth/DL2D00002108.png","1317","dc6640f97abd0707a0c3eb7cfbd31278f9622f2c0ce593843f5dc22ccb3be4a7"
"Truth/DL2D00002113.png","1180","1a12a683d56c7abca5391f076408d376a83eb86defc98f465a8b08718066bd10"
"Truth/DL2D00002119.png","1552","22620d90e6a8f743d7ccb6a15865232d5ff7837fa06ad77a129c39594b405867"
"Truth/DL2D00002143.png","1154","8220cf68af23e3b25ad68b76e6d0e19fabe1ee93caabfff210d90be09066e553"
"Truth/DL2D00002145.png","1602","956248dead58b70943b3614e1cf0e5c60baa8469b2fcceb624352276521a1596"
"Truth/DL2D00002187.png","2394","06cd1c678f648e442265cbd858adfd7d24ec6c71aa34ebf0906ba4a13bc72133"
"Truth/DL2D00002195.png","3722","4eef1cb9fc1337b414fb734e68f0d8cd7ecc973a9ec3d047c447fcf3e55613ef"
"Truth/DL2D00002206.png","1566","526d8536162cc0440316d9963273a64f2aaaf0175321507a8cc8c8e21f97d6bd"
"Truth/DL2D00002211.png","1554","76ec4f11c9dff1e34bf3c4f67ac9bb7d3af75851d7c336074af7ad2bb293c41e"
"Truth/DL2D00002218.png","1740","30dc5e89cb1833838d7ff9672a2aa3a884cc67e08a7268449440a3d6776d7d9a"
"Truth/DL2D00002271.png","3847","6bbddef05a9e5854b1ea0a6e432019ff918cc97f245c6c40602ec02cead1f942"
"Truth/DL2D00002300.png","1479","8b45ac257af53f4c3e7fdab69d866500912f7f4ce62dafbb357ca744bcd96a36"
"Truth/DL2D00002315.png","1472","358a7e3e448816c8139521462f7e29872d4b1813fbce5739cbd8c4e79956bf5b"
"Truth/DL2D00002321.png","1872","d60f426fa17339dd29c89c9bf77a54d7c53965b8aa99c64bb528b6611359dcb4"
"Truth/DL2D00002342.png","1493","32e0628cb996d163d3410461f56bd04292e4f24865ecfa424598704f403fbe4d"
"Truth/DL2D00002392.png","8897","3dbbcf1a4d691c10cc759d01e13633d31af700099d3ae0ecda337ddfef0a29e3"
"Truth/DL2D00002401.png","970","39a3c5c0e7e9ff3e4c0dfee1235b8c6de999aa511fca9d548f8ac6cf90c05acf"
"Truth/DL2D00002410.png","1347","b5e9488821618d8b9954561f6eb4eaf0d90bd9eb2374cbc8d942f14623ea6771"
"Truth/DL2D00002423.png","1539","4aa27b5bc745e3216a7646d26c3aa61430aae5b8d0d4ad7f5bbaaab3300954b6"
"Truth/DL2D00002487.png","11116","b7bb2ba28fc1226d5076112d0ec0c9ef6590553b3143a0e954075f181940bda9"
"Truth/DL2D00002488.png","7762","1ad35c2b30f3dd05e4b48a2b84c0463b0ee3634c816266b0aa9bc7e3d1abc7ef"
"Truth/DL2D00002515.png","1148","a4d1be4b945b659c1e2f9f21b0d366be8afd84edb0846e0f29e3c15c342cd8b8"
"Truth/DL2D00002516.png","1307","b36178b7f1f4129cddc2a8fc9964a001900947f1bb27f934a53105e26f56cc94"
"Truth/DL2D00002562.png","5033","dee2d3ae72068728fa5f886e594927df27d8638cf79acde9c9d5b21ec4e1bf12"
"Truth/DL2D00002563.png","4438","272d09c16955e0bccd564dc3bc0a71788ba09e6b4cf28572e61fa12b2b194cda"
"Truth/DL2D00002565.png","6129","8a19c0858f445ccedbf2ee39b2f3fb8142c1aaf017d3f74bcd78299f64c043d6"
"Truth/DL2D00002571.png","4703","4deaec7f6b9175c407d0e3fdf0696513cfd2e5d11da382436d60db7b6bf53b10"
"Truth/DL2D00002582.png","4496","42408238adc468ee4dfc915f0b14ace11e6d1f5b0806300d1589a741b103e8f2"
"Truth/DL2D00002600.png","1436","f65abf295419199c63690c9da8b7634827d27918ae0abb7bfaf20547e6dde3ad"
"Truth/DL2D00002621.png","1270","f72c6cb292d559b18ce0d747e4e2aceaa016d13b92023a5df6d1f00d72b6c58c"
"Truth/DL2D00002633.png","5085","75178c7ed9c6351864382a6c04dfcfca56a48742edc8c9d94f2fbccf5e0d264d"
"Truth/DL2D00002656.png","2478","001002112e4cc1760a89ef079ffe576036eb136b02de9d8090255adac4041c9f"
"Truth/DL2D00002697.png","4859","d8481eefc2aae751e5cfa8e26f185c2a13c8ba4f70b5965feb644b15966e89eb"
"Truth/DL2D00002712.png","1973","eefd0b703fdf55f256559aa77910fcaf1e0886b479a9bccb615d180adcd8dcd9"
"Truth/DL2D00002715.png","2578","94fa9c15ae6d88c82d85d26695fed42450dd99d468729f66c1cddfb28860e76e"
"Truth/DL2D00002717.png","1701","c7b92ab3ce8ec3b1bc18a36fa792bdb96fd2761482249575a241b74287a2260b"
"Truth/DL2D00002743.png","2553","97523986d68c1514066962f7b1f5321e580eab5a1c714b26274a4f9461f25cb8"
"Truth/DL2D00002757.png","8355","9389a411532ed6bc8d2aed69855f3c9ee0bf07fb09e1c81c63e24e2f75f99801"
"Truth/DL2D00002759.png","8625","d413b3d31509cafc04224c4229bd85e1b1ae90d333c05eb31fcbc17b73960373"
"Truth/DL2D00002770.png","5743","ab0fc839139092d44107794f6116b6c1c990262259cf37bbb7c88f52ef12d2e6"
"Truth/DL2D00002804.png","1833","4a951b17ef0584dd4f37b046a9ab7d1e1379f2203ab165d3837d2191be51b51b"
"Truth/DL2D00002807.png","2497","f2992996ac42120c89cda7aec590ea2da5026fbf8e2131b2deac06c21f9ca5e4"
"Truth/DL2D00002808.png","1205","f85b1f0f41bddfd7037286726624f3d9075034afa3810f48c97c65b8cd1ce42b"
"Truth/DL2D00002830.png","3009","6f4503d7219cfe142f94549163ced65f3e633c94dbf758e77a2538f82e40eb94"
"Truth/DL2D00002839.png","2247","1120a7fa9429a711a3b7a2a5ecbbb351bb322515d59fef5decdc9e1b4b8bef9d"
"Truth/DL2D00002861.png","5645","0627e2d049540972d7e8ce225a5b7c199480c982e9fa1754871e8e5460f64911"
"Truth/DL2D00002864.png","2031","f411cd6af8e2c5b60ad38242549679481b98adfc91a30fc74bd8b9f124c6014d"
"Truth/DL2D00002885.png","3459","b2d4090e8346ba12a98c0cfef2d30a59b40fe959a9d1d794d807b728bc73f415"
"Truth/DL2D00002886.png","1583","a3c1c9ba56761d6e8acf8555a13d97b60d370c5e8457cccc6ce74862933733d7"
"Truth/DL2D00002905.png","3935","bcd66a8953f211550f21693b5744e3f7cdffcdb2813072968ca24a33c5278157"
"Truth/DL2D00002914.png","1424","3ca915997751d0116c76301814d633e2c848be2cb44598d9dc001e10a3af17ec"
"Truth/DL2D00002954.png","2510","1ee649681dcec9fb1e494c3891a75fdff338f40845714d7d65bd3407df50418b"
"Truth/DL2D00002971.png","1449","dfe1540e4a1c40eb6644177de1797e533a9e029e47da9ce7bd865b02adbf8f4f"
"Truth/DL2D00002981.png","1249","3b7373b9418dc610cfcf0e91060dd36d25bce06e6064c34c16915f1ccfac59cf"
"Truth/DL2D00003016.png","2696","43c21ed3d6506722f2c70d562dd86f2825636b7d1aab3efb088c1fabd7cd85e6"
"Truth/DL2D00003042.png","1621","960c580ec244ef3604f796a3c1ae5907aa4295055c37fa4776bb10f1c80be1a5"
"Truth/DL2D00003103.png","1730","7c3e2641c7035b89105515f29852476195cef385baffc761afc0a5f826807933"
"Truth/DL2D00003128.png","1358","35f5e672fd2d1e67e6a5afd3d7c47e462fe009ac97e789d73406b7df00168778"
"Truth/DL2D00003130.png","1288","8021b9202c0731f681da254d65dc117a73508f82df06fa2f7683449ac4162a4d"
"Truth/DL2D00003139.png","1215","33c672110971670ad4cc347b5c945147959979726675debd9f2c611808fe8444"
"Truth/DL2D00003146.png","1482","bd0716a3a5c2ec78b20d221fa46fe5b5aeeff942fcdc98a6cc3a3905413cbc64"
"Truth/DL2D00003178.png","1219","c0bc91e6374fa243096510dd47a33af1f03feed47b7c56a0884505540d450071"
"Truth/DL2D00003187.png","1431","b3715b7a1d4579ae1b96cb65fe576d5df20e28e3bcba904550a9ce1cabe3d04b"
"Truth/DL2D00003216.png","1867","4cbca84de2347857c95377f1c28235610962d3425ae149d376ab64ca74704068"
"Truth/DL2D00003218.png","1582","2fdfa369a1ac6e39bfce0178c75411acc443f97afda0bae09299aa7161c6cc31"
"Truth/DL2D00003224.png","2175","f1bc17fa4e69bbe86ef933a25293332d51be1ab5597beef043695bc24760c663"
"Truth/DL2D00003259.png","2391","2bdc278f9c141d5f9c3bcdbce874c5f99ffe399026c7b067276211fc338eccd7"
"Truth/DL2D00003281.png","1299","0bc514c8c7ab9769d151239f8587c26ff4228fc2550fbb26ee0a9e9f2ed09dfd"
"Truth/DL2D00003285.png","1375","579a0c3b376f4eef8fc46de7e67e13862ac71663d1f29d6ccdea578e78af5c14"
"Truth/DL2D00003289.png","902","6f93fa7723e2806d4bada65f053d1e9b223ac36eb2f70f3bca9aec61021b3048"
"Truth/DL2D00003303.png","1719","a3512805721789c4bf719bcf4208b2c89d139b037277163968d4bf2e6b34ca89"
"Truth/DL2D00003310.png","1867","197c71a257d8be848cf7a9749fe5792e0e8eba059bf3f0ce63ed9e98ac176065"
"Truth/DL2D00003359.png","2624","f59eff227eb521ea2ede7a3cc55ba6eb2299864ad542b358d4dc59a77173daab"
"Truth/DL2D00003401.png","2351","d32e621d4fe7630a31d0067d5da39c05c46e60157781348fd324ce53f90ce72b"
"Truth/DL2D00003433.png","1369","c7c7550ba61205b6963865f2c67801191aa2a9ab01d6cb7b440482827375c084"
"Truth/DL2D00003456.png","1383","955f861ae7ef14f01faf193ebda90c741216dc44c52e307518da5f36ba4e183d"
"Truth/DL2D00003463.png","1557","13e0377fa276a72b2f122ef0143c57538aec725a7b2888f0246dd157de17890a"
"Truth/DL2D00003474.png","902","612827f8917dad7e516c955975952b8b7264824d5b6b96a185d4cce55dca4f87"
"Truth/DL2D00003478.png","1511","63b95b46ac5b270358c7e020b8b4b25833d373b81774187ba5e677d1891b8b97"
"Truth/DL2D00003484.png","1225","fe0b5b7211887eb27c40b294a6c6507390b9f2c7d76bd48704651cca19c83b5d"
"Truth/DL2D00003549.png","1605","888d0d0e418156f718476ceddc1a03471bc51f4748a880648af45ca8c4252234"
"Truth/DL2D00003572.png","2088","d0b1690ea5a4ab062666dcae1f434aee1c7521c4dab6e48b164adb434d4630ae"
"Truth/DL2D00003606.png","1656","4728bafa9dc216c3decdd455b5f6e205e9fa5e7b3b23facbb6d67c739c382451"
"Truth/DL2D00003608.png","1734","c115a45a2f4519dd8c3bdce3c01a7ffbd874e5079de195d1e3d42247f3fe0a6c"
"Truth/DL2D00003624.png","962","5824628f0f53f85c69b046dbc308d0aca1fa038981bbb237c3ffae803e7d66bd"
"Truth/DL2D00003670.png","1484","3ea42a7d8d654102a6f2b8d9f621d4418ff65a8e259c787880deae0bc90690e4"
"Truth/DL2D00003678.png","1178","5b854771f84aaa9778d8680fcf4d55e74f1aaf7da00018b5e07232d732411613"
"Truth/DL2D00003683.png","1805","02322562dbdd2e46ec37e9b4bcb8a5e6d54cefc32b3eb39305c3de7a0cbd268c"
"Truth/DL2D00003716.png","1283","81f9e117a069153a20894f8c9f1b9f1fcd5a9d61026b4c4b7cddfa81be6762cd"
"Truth/DL2D00003722.png","2629","9eae0ec42ec9af40a2291a246a0373ee927e56a104e8cc98bd6f93f9c5e6aa8c"
"Truth/DL2D00003735.png","1516","e6d73c9251c103715e1aa9fb740a2076df6d3aeebd537acd9cbd13941d75f684"
"Truth/DL2D00003743.png","2147","27572908d986cd656eeadd1bd8c2a537a1febcafaeaa796e0e14f72aa6aea707"
"Truth/DL2D00003773.png","1490","7884de014e6da6c2d6601a5e63d3805f9e3b099184daab944706bce5ebb5ea7e"
"Truth/DL2D00003784.png","1314","e85660b316e81da2c7eff1c86c96612f6e66d81f9b2ed9fef5d90f06475f97d1"
"Truth/DL2D00003786.png","1638","5851618c6705fce07520046dd31400ede142d089324badfabe279949e7922998"
"Truth/DL2D00003788.png","1387","786fefb59e66ebe74b8f8f7a921025c2b06d1e9b8c1710d984c4804a49f2ce38"
"Truth/DL2D00003812.png","1559","9c4774967ec4aac2f726e403807883035e29289f9b188139194046aa1b6011a8"
"Truth/DL2D00003825.png","1578","e9055626c6b50d509c0e147a1d9c3951f0f559e3ced962d4c2724b632c065cad"
"Truth/DL2D00003834.png","1532","18674a07787f36048b0284084f5ab7752a762d41d919b74bed27c62b93e4bc0f"
"Truth/DL2D00003850.png","1701","307257bfa982f58cc83c96c3c6206795e76d7d137cec232c9b75e812ea5089e8"
"Truth/DL2D00003858.png","1337","2c271f874643050e424bb2c7487ad4795d432be1461b270ce6bfbbbbcea16387"
"Truth/DL2D00003889.png","1908","6c0024c7204663d1d9801e89c2b71a2c8e42684d9dbb5953acd4ec576b895930"
"Truth/DL2D00003909.png","7485","b3edc428861515ba8121c192439d6ee14f1accd7ad941a23d90a0fc137b47456"
"Truth/DL2D00003927.png","7741","7383da558bfc6b9f52f72a7495ba7e35b54954eaf5e99fd94dad8038388cfdec"
"Truth/DL2D00003942.png","6518","4965f88d77694db46ba3c90ee0adf15149366d39d3f3597f3511f46592bcf089"
"Truth/DL2D00003962.png","4492","1e92ba1e3e1688764428cccc489287294391f6dbb74598b97966cbfdf89f1b95"
"Truth/DL2D00003986.png","2738","c8000d960d98291e32263843e093f9412d5d5b288ca0f7eca6e2a39fe1d04542"
"Truth/DL2D00004002.png","3893","f55aada71de212c9a7181abca0c7d5a7a13c71f100583cf2c1535a9443d2c671"
"Truth/DL2D00004010.png","2962","5f71922389e4a78c7f6322d4c571aee3567c9a89548598df4d0f20541f509ebf"
"Truth/DL2D00004017.png","1364","19c795478a7494b76b5a8242bda4fe7d15c7e07118eda7971b5073d38d001ed1"
"Truth/DL2D00004024.png","2763","4cb6186ee5b6dbebaa08b1544bd4296f9d439bd1ea484e02cdd669d118056dd2"
"Truth/DL2D00004025.png","2434","93d3b97449710eebbba652e649af861011f3ce1daf309bb74f9e04b6e862cef9"
"Truth/DL2D00004086.png","1570","e60cc84b2c3dfff7aa530fe28a88621b8867a2a79e48e4aebe2667465baee467"
"Truth/DL2D00004093.png","982","1661e0e554836223e44f0349650609715c700e5ecc1866dcdfa73a9fba080346"
"Truth/DL2D00004102.png","1842","4270a80bba795d22700c5eed2bb298bc0b91fbe4c1e4451688b074760e07b09c"
"Truth/DL2D00004106.png","1636","17050fd83043ca3ee9c5ddace38c162b21148fa23095a89726d8c732a25060e0"
"Truth/DL2D00004169.png","2071","45bb0193c207c087ad7b042e98e58c35897c8715a0bf028790133c89a79dd09e"
"Truth/DL2D00004187.png","1806","7ad1a1a7c21f9b626621400e51279e16956a464f3fee86e27fd182dc29808d4b"
"Truth/DL2D00004190.png","1805","754d952a59e36038828aefbf3e743f871f8caea5aab04bf7f3621b133fa1ad6f"
"Truth/DL2D00004207.png","1583","d138e6c1cd59f9755464e4bdd2b8e163d255e77ed735aa0a8fb780a7478b0cc0"
"Truth/DL2D00004246.png","2158","2090b75614caa2bc7d6ad0c8d1bb4f13061c9378f6a8830b4873fa17aa4bcbff"
"Truth/DL2D00004259.png","3977","56aa15578d36ca46bc794ba550710aaa32a97cdfd173bddf76227a8e8d4eff75"
"Truth/DL2D00004265.png","2392","982d9a3f97b172b6129e8c3a9230b98363678863c01bf55ea85d3103bae8147a"
"Truth/DL2D00004269.png","1757","815a695616d7c13ee8b1d6fb7d3ecf26aee08cd338b8a138c8d8c751b8c9e289"
"Truth/DL2D00004275.png","2237","e59ef268bc84d4b3c9ffa3519927b4d47f6557a9d1a55787aef578e8d024c9c6"
"Truth/DL2D00004277.png","2025","98db1afc723af9a648c44121cc035056aae7897172aabaed34c3d318ebacb91d"
"Truth/DL2D00004297.png","1305","2d56423ead6bc8dbf09c8a6edc7e4b7c60e688066d76d58d3045bbad32543c2e"
"Truth/DL2D00004310.png","1661","d8bcb300e03df8ce9acbb29619c8da7058e1016c248f3e989657d02246baca3f"
"Truth/DL2D00004346.png","2240","93492d73d37516d9e2040f0754b608f1d05eaa5cf2786f2ae868c0c38441424f"
"Truth/DL2D00004373.png","2280","71133644a370671391c245654ba3db1b7d1777ac3ea36a5a4982136972dc75b7"
"Truth/DL2D00004411.png","1904","52abbd02fa5f576efd6fd5dbc5b312a8447f55c18b1ac51fae0a73413b343be9"
"Truth/DL2D00004415.png","1855","1d200a4883228ea1a6237a7fd7141f6305fb1d1c627b5b2b48631d94b66d2e24"
"Truth/DL2D00004445.png","2809","fa45c5084ab97cb3769a4f8307842687dbabf479247f33edacbcd1331cd518fe"
"Truth/DL2D00004449.png","2330","b96ab71565aed51431cb46deb3c410790d3ac7da486e69ec3e541249ebc442f8"
"Truth/DL2D00004452.png","1996","52bb2f0f006679214af155c11d32df47cf7426d42ec2a93faadb34a755f0f7a2"
"Truth/DL2D00004454.png","2074","5091cc7727585c570b94825aaa819385714c07ae8464a6910dbd47f6827aa336"
"Truth/DL2D00004483.png","960","fba8147c89637f23334239477f9f2907f3c23ece486a665a90b1ac5f7a1db760"
"Truth/DL2D00004493.png","3379","e884f83b73613fe4e059537118e1d7925aa26b15b4a0db2836247ab17a1f3e6f"
"Truth/DL2D00004511.png","2163","2abcba6672e3cfc2fd17f4ae2add76ed79abe441fad870ec1e3a519836e0fe53"
"Truth/DL2D00004521.png","3257","68682c1b5ee75df58cd90812525e2f435e3ac02e268dbe9cfc66b308e731a89c"
"Truth/DL2D00004546.png","1949","e30262b14a4af51bc2abdb2cda53348d475e0c2e5102352e1e08bf977866d112"
"Truth/DL2D00004553.png","2523","33e9aa908c1a27b7024dc842d4788ad42ceb0212d50938be99a58172528a782b"
"Truth/DL2D00004561.png","1762","204a7b0025ed1bb31d2c6131bbe98dc253d3a864eb19377eada5e34885487afd"
"Truth/DL2D00004594.png","1157","9be49de8c9bddef98b6f344edf74a74c44df59154945f009b77f6374008e2d2b"
"Truth/DL2D00004608.png","1007","8c4546513655d304fe50b3d606f563cffdcb5e6c517a716e3aa7d865cfde661f"
"Truth/DL2D00004630.png","1816","266fe90bf7b2be62a788c59d5e123f4c1b51347a9681d8093f6df6cc818b6016"
"Truth/DL2D00004651.png","461","7fc84832df4f92e179c9f29ab4446ec64ed3cab3adf8a1264914670291394dd1"
"Truth/DL2D00004672.png","1340","5899541db7ca5f576390241c4407e4de9ce4fdc98ef738f60492c7c8a6339141"
"Truth/DL2D00004693.png","1466","a131d78e364ab10651833478ad4c09bb0ea33e91b1d0d64b0b6f6e021c4df21d"
"Truth/DL2D00004707.png","461","7fc84832df4f92e179c9f29ab4446ec64ed3cab3adf8a1264914670291394dd1"
"Truth/DL2D00004722.png","1445","3a3fd1b27dc08d3ce7e627806557ff891af2b141315e5254d3b9ea4cf40d83ed"
"Truth/DL2D00004723.png","1006","9e67d964deb2ac75e91b884118386bb248cc294e25ad29d8dd47c3939c6dc80d"
"Truth/DL2D00004764.png","1018","ddd02fcd1b39aff4fbb653726b33027a8047dc507b7e7e9afe3200507536f92c"
"Truth/DL2D00004779.png","566","be5a7c81d5c5e590fa2226cf6e2a3c31c1b6f3a2bea795f5cfdc9363d9d4a25a"
"Truth/DL2D00004785.png","1034","9bd5fe7942cfb1cc5270f63547c1a70dd28adc96df0bd83ca557f7925eef1e10"
"Truth/DL2D00004804.png","1429","fdedc825ba621382f50a78b8c8bca6e9f1e0a4ec5d53aca56cf3d3e945917547"
"Truth/DL2D00004890.png","1533","dfe40a2c02b1b3c1f4fe3947648c3b34f299fc5c894b71255efc26ff557ca398"
"Truth/DL2D00004891.png","1842","33ebbbeb8cc8ef017aa083b9f5d809d2cb9e79b72f56b443d5e993a681ad0dcc"
"Truth/DL2D00004903.png","1505","08c4546807489cdf0fe8de800c254be2ae4bc3d970081f83000bdadce5beb8fd"
"Truth/DL2D00004904.png","1297","e5677dbfba542e8e40339f920019101315e95efb793cf17775b541c2709822ac"
"Truth/DL2D00004911.png","1520","f08a0ae146d2bc49c0a13e90a89eece6728fa57a732f8fc9c647ba42f4ce7fbc"
"Truth/DL2D00004924.png","2289","3dca83f3e72b145551eda3db7f7d180dac36216f5497cd109375c53e1f93bf29"
"Truth/DL2D00004930.png","1575","81c41fb4281224caf0bb7546b749b6319c1201eefc6a59f3275d4e8144413ca1"
"Truth/DL2D00004934.png","1251","56f8972c7826b21cb2a85943b7d5a17d2dab2aa840c9cbdf0c018a45d0982994"
"Truth/DL2D00004976.png","985","52d13e73ccbe762c6d653f853d72b6f5d4bf7cfadc9a5c50c0dc4c9d1abb2cdc"
"Truth/DL2D00004996.png","623","32089801a442444fd2b0ed769f92ff192cfce2a5b9eb88184015bcc0e470edf9"
"Truth/DL2D00005018.png","1575","e49a63967bef0689302913c16b47fcc7310ab08038546550561829f2acd39404"
"Truth/DL2D00005027.png","1722","69b2f4c13115b4401f4bce1debfc4a79d5985f5b8bc923430647f170df743195"
"Truth/DL2D00005042.png","3001","f50a08ab4b693ba71e060e9bf8f649aa35fce2ced6c9fa4b7833da45d62d741b"
"Truth/DL2D00005046.png","1346","4dd4a9aafa43851c39db5e23514b138ba4844f7f12c183db07e877eeecc9a958"
"Truth/DL2D00005061.png","1812","338b96e88aeb93f4f528b924515b388de513b1d89f9d76c872ed623cf5d736de"
"Truth/DL2D00005071.png","1770","2b700cc493f6a282e5b14ee4e7ca021c484b9b732e40ae313f10366b5fcb02ba"
"Truth/DL2D00005082.png","2878","20fd519b8754d85df5e910c8ab1e753a0119469fc980f5d890dec833c34dfc87"
"Truth/DL2D00005100.png","2645","6f334b6463363e593454936029e74fdbd8af269c91ba915861f8932e2372fac9"
"Truth/DL2D00005114.png","3179","c0e0d15dfe40220443623b90fccae3efbd0f56105866f7032696c95b5e2183de"
"Truth/DL2D00005127.png","3128","90a810c354cf46ff309b27f38b4a6405074877a2cfb5a11d6d7ddc809393c814"
"Truth/DL2D00005142.png","2062","2f237bb088aea0755ab706188abffed5bf288274dbdad5fa195df43e1d7943a3"
"Truth/DL2D00005145.png","4700","43e1f82db19bf6ca4b25d07e0e464b85c7c1a53f3dc6f97bfbc8dc3f52d2880b"
"Truth/DL2D00005179.png","2641","95ab004e9fe146a6b1e2473bd5771a42a616faca76e273379b78b0e6eebfa3cc"
"Truth/DL2D00005180.png","2166","bb18999d05baef40b2d885de1bc1782574533930a1a23ffe6ef78331f3b8df15"
"Truth/DL2D00005200.png","1702","c99a2d2a88643d1dbbffb6fdef36914f4e1485e33eb6c949977d6e15846b234c"
"Truth/DL2D00005207.png","1618","c508b1a7050e30600284820b27d40599ab208087fa8c9c86a22e4c5cb6ebfe35"
"Truth/DL2D00005218.png","1433","61d70a9312b8858cd09dff4b3921211c5cad4354e29ebe077ed8a301f6e668ba"
"Truth/DL2D00005231.png","1646","acc52866b5b020559ff8abd7625d1e27f0af0800c36dcf8a4390af199eafe071"
"Truth/DL2D00005238.png","2053","a3b1a0ce9bbe1894613ef38a029ef215c85ff95ce4fe9805b9e380aca063c975"
"Truth/DL2D00005242.png","1639","09d68e4c36bdbb7931d07a3b99291318a63270da3f70f28dda804dfc1da3433e"
"Truth/DL2D00005251.png","2957","2282f35acb020a2a440b7cea17c7125229ee0d90dad9b4b0dfdd6161375f2b51"
"Truth/DL2D00005255.png","3072","192fb2fb2e75195bf8405cf6f9018f8e6dcc1b11f5506085fd06e3b65a2a3785"
"Truth/DL2D00005291.png","3553","062f8eeb4368d4637fb9e477df114014f5ffaa71c45f5b1fb74788a1cd294b96"
"Truth/DL2D00005299.png","2455","dae938afb2c747353bb8db558f25cb09f1a290a20dd523d54222c07c06015d69"
"Truth/DL2D00005314.png","2712","a1005db43023a12d314aef513208e01d56ca0986f2d505ed3b2c5a0c44e45c64"
"Truth/DL2D00005336.png","2356","b6411482d9b3d925724a2b4a3771ba9e39e81d061c63c4c2f706869ac870ddd9"
"Truth/DL2D00005338.png","2504","ba5798f910b2daa5b6c925cfb3e8a7c11ca1cfdb7512a9681013315e42c8382f"
"Truth/DL2D00005381.png","2378","d4bd59d253a9800b215c72c0414febab39d511e45ac9a834896ebbbb9d177dd6"
"Truth/DL2D00005391.png","2970","9f61c4e104d7d79b6c2b4024a05b126998156b20412e19398bc6c002e3635c16"
"Truth/DL2D00005409.png","2871","55d784afab9d869339795d6bb26393037e007427fcf90bfb1b997deee4ab008f"
"Truth/DL2D00005411.png","2274","f9b6b1dd05e46271f0358fca1a68b1149c7ce7989c20383f1ed80aa1040680cf"
"Truth/DL2D00005421.png","3148","7142546f52be1c5d01f732c0b2bba7bacffcc75d0453642bfab0c5e4e4d94af3"
"Truth/DL2D00005435.png","2856","9f7bb29bb7ec2dd0c836af2c3926c6113dfdcc52e4e117e5aec6d40cb3974776"
"Truth/DL2D00005468.png","3925","e580a96d67cb874f99e1c44e45f4670bd2ec9d66ef43e6e682adc8998b8b22d0"
"Truth/DL2D00005486.png","6435","a17c0c4b0f79d53227e41da13c265ad84796a3bfba59075cab3f793b08c84f33"
"Truth/DL2D00005489.png","1971","aee57524a7695e6edd99f211c842f5ab06d87a674f762b9ab3d8b7f4ac62f836"
"Truth/DL2D00005513.png","2216","382218b9fec0221cb3e3a54df1ae58fbf50ef438f6a35d564499f36af29d3036"
"Truth/DL2D00005516.png","2472","e85d016a6cd4908a50d2fb6f4a2a83361776b581d10fa5749cc0dc668176b7ef"
"Truth/DL2D00005517.png","1809","51bc9668a5e37ba260b58a89254b57260cabd28d74bb6196b6c128b4aa6e0aea"
"Truth/DL2D00005522.png","1700","7b080055d8091f5dc7c765b11e5dad0ca20cb930b730c823b75c02122f6b9e1b"
"Truth/DL2D00005565.png","2747","9618d5b6cbf182db026003f467a5e78f87a38dad394720b091c2935f823075bd"
"Truth/DL2D00005587.png","2142","ce48b042cb370e63012410b0accb245bfb51b542ec838172fc370b21eebbd7cb"
"Truth/DL2D00005590.png","1538","bef4814206e8e1717d3bc4fd3f2a6be95a16a4c336648d06391ed731c5e2ffb5"
"Truth/DL2D00005596.png","2262","fc8238d9b28e3754d415191ca30886747c74ad10dac7e8e931ffefba588a9c76"
"Truth/DL2D00005609.png","1876","5da5ca7878bd1ce988f259084113ef7ebd36097c953aa58d93c80097607fc43c"
"Truth/DL2D00005649.png","3466","c96338b3099ce44e736a78065b1fde22b4f88d9d52add409a5289ffc186579af"
"Truth/DL2D00005657.png","2455","b72087a4d69721dd1624a421cfe6eca8276a787d18136322350ba37e1d7e6047"
"Truth/DL2D00005688.png","2117","15d7e3d36892021299414bd60d1ae240b7846bfd6db7f9676754702b24e4c9ac"
"Truth/DL2D00005711.png","2371","71717a2f62efacf4b5f7312a9a3622c163f8ae736fd667e4371a75a39f9dec00"
"Truth/DL2D00005766.png","1218","b9709b68131c967e9b679f27c2d23dfd58f4c54b26cc3c8d63caf531bf8edb72"
"Truth/DL2D00005787.png","1574","5cfa3810ff93ff7759797a466c1f6b8a347e02f418365bcfdb4d4208be376b2c"
"Truth/DL2D00005794.png","1974","12e4fa390245c84aeeb430c4c192c7d11ed7f2e0de9155e1da3c22a4109f67b3"
"Truth/DL2D00005806.png","766","2ebabc330ab86a702d5b5133084d65008e8ed508aa9493753e0781b541cc37f4"
"Truth/DL2D00005811.png","1104","a7dae460449e86ade99e64580a0ae2b73dea241c4e7538eb94f21905a33a813e"
"Truth/DL2D00005823.png","1607","6c4452a10dd31480cd71d574959f88241a19c64cf9e2b5f65deea2dc43a0e971"
"Truth/DL2D00005891.png","935","d2ee7c1c50de7eca2778399b1e0cc278042718b8fd9b3ce033214ccc1ca6fba4"
"Truth/DL2D00005918.png","2242","286b9e99fa2ecea4b5fdbf0851fdf0d869340a947a0039e778aa433a10d11595"
"Truth/DL2D00005934.png","1495","8a164e7d52547659cf7cf7abbb82c8c45416f7c0ebc5ba0dc64d991d7d08b1e3"
"Truth/DL2D00005938.png","2089","5d67a36258005fa9709678db88afc0d1863cff048821afd072c3db4827a76813"
"Truth/DL2D00005941.png","2451","35467e181ed9f4589ef27dd192681779b2eaca42405ff73e8bbce0db9c086766"
"Truth/DL2D00005972.png","1753","04c1060ce825b004387a73874b18555491675d9c6082c126f2f29b2c419e9cbd"
"Truth/DL2D00005975.png","2028","33ef15006164996b3bbcf241a4b3a4114bbed8cf4224a1e37171b63df53cb1ac"
"Truth/DL2D00005992.png","1714","2ca332f8f00df8f296c8f8bcc5a7da682a3a5ed1af89a8e6ea8ef3f0a6baba39"
"Truth/DL2D00006004.png","1672","b0ec770c356439f9768c7b25ab211c14bb764fbc9fcd3662ad313ae17d733839"
"Truth/DL2D00006043.png","2942","d36b6a08490934d6e57fbc96ee224ef1e0462c6892050418e8c515ad34757da6"
"Truth/DL2D00006046.png","1292","60c804aafd91ab1c6da5682808b596561a13042ad447f960dbe900b1e9b898e0"
"Truth/DL2D00006051.png","2942","09c641851059a5a512b91bef4381b242477ff0bf6e027805192f130932f92167"
"Truth/DL2D00006074.png","1671","31f1363181efadc1ac867e0cdfd503c7442b648fe0508e61a015b52b6450c5fa"
"Truth/DL2D00006126.png","2164","209fba2ead6860a7aeb5ca8cb593c5d9c4efcbdc2b8c45fe544410b6589dd2b2"
"Truth/DL2D00006134.png","3086","018ab4840dd8639bc76236caa3c9ae3e64439ff435ad4c83939747a94c6d2399"
"Truth/DL2D00006137.png","1558","7f76bc0bdc90a88ffd41c88eb8cc9fc906267f3676cdce51a8b44417f7535ab8"
"Truth/DL2D00006195.png","1086","a122e684a89bd6aeab130d749d71d77f0b5f86d4ac8ec446adb73026c4493ec1"
"Truth/DL2D00006205.png","1941","c65dca00829258b9af715ddd34e1453ba093fcfe43bd3a62f37a3174d9186f2d"
"Truth/DL2D00006253.png","2578","d20ee5f127ad752fa491f654b5ae5628f13bc9b8c6ec2ba71b05f93243ce2a66"
"Truth/DL2D00006267.png","2244","1daaced0a89b707a68a296ba2ad572dc0df5e37df26309f6fa7771a8f8d3f95c"
"Truth/DL2D00006270.png","2490","7453715d3bb2cb6fd01c78b6abca1620a55e1a45e284b413771f510330fc012f"
"Truth/DL2D00006335.png","3266","425e26b21910335b265f31ba313712d6f0143f14a4915488b010c35e61b69838"
"Truth/DL2D00006355.png","3006","cf5781e79a28814e2e12897c0fcef21cbb7e23785c19ece63eb899142a569eee"
"Truth/DL2D00006368.png","3484","bb65e8edd774a53c940ca955546316b1fe77fa6999bbfe1174d0363e354c3cde"
"Truth/DL2D00006373.png","2245","731521a37d289581b9ac8b03ad966510bb302f37131965ced2298deca34d1451"
"Truth/DL2D00006378.png","2035","1bf6bc99bd7241ba59b5a7010cfcb7b110a58b8ecd0c12b1106d445efeaa07da"
"Truth/DL2D00006387.png","1922","f565958fadd8c7ad16b4075d320014ed941566642429ad38139325eafa015c48"
"Truth/DL2D00006391.png","5211","46067dc0bef0351f0dcf64c63d37ef732bf861d1126095226b24210b13459e53"
"Truth/DL2D00006463.png","3019","d29b9be9c89c4fd6a762072a56cbc8b0e7673301c98084743bb8d514c429e91b"
"Truth/DL2D00006483.png","3051","0f439991f0edd95c7421c9790344e5c53ea0602ad8cb4b1323bb48acbf1b6616"
"Truth/DL2D00006493.png","3520","6110265821264fc3ed3257560d68fca4ca74795e0e323fdca61376e6db038ed2"
"Truth/DL2D00006497.png","2449","02a29468213cc12822e16f686266bde9f0d87c2ebcfe41e95245abdf50665721"
"Truth/DL2D00006498.png","3525","2b44eeccb8f6c09ff8f8cbad7514dfe379685864fd99c78fb897f2eb2f20a79e"
"Truth/DL2D00006499.png","3147","5f42c917c5412f12afd7424287ec6d946aec651a906169544df3f2164b02ac5c"
"Truth/DL2D00006506.png","2161","79f61e8dffd2df16db12263cf291675e0f2ac834d0479ce80558627f94019056"
"Truth/DL2D00006522.png","2708","e9ffc3a4916a7f8f725080916f8cf81fea4f0bdb20af6fa622cc72be3fd61033"
"Truth/DL2D00006529.png","2907","31c7175c4194cb9658eb38aa7c929fa42ae09e0a6ee32576ec492549b40e9e09"
"Truth/DL2D00006571.png","3726","078bf26ff49988972b76b471c9ed7414af0977a35a36bbcd44b837bf6b4d27b3"
"Truth/DL2D00006574.png","1908","85c17f50d3064e9a0617f40c6c12057617639ce78aedbdb1a619d66f0172d402"
"Truth/DL2D00006579.png","2473","795888bc0a559d18d8022e9b67d8782add8da28449e2fabc06d207ec8eacbd27"
"Truth/DL2D00006587.png","4690","1fdc7bb262f7f2f1144e2147d9887f29134722e9ea8fd247ee6023b4bc493e76"
"Truth/DL2D00006604.png","3682","092690d3fb47966dad305b79934012daa632be8dcfa6251d9892be555c88005f"
"Truth/DL2D00006613.png","2240","16f96bb833d5932060410b08ea9cbce3e578e51e7fd01c64b74d1fbfbb480d0c"
"Truth/DL2D00006624.png","5362","7f401033001bf0a64d3bfa32ea655c6f4379c8b4b28623797d6526fb3e3cf986"
"Truth/DL2D00006631.png","1198","13d95cd3050eb72f3425182e4407553ad97ab51ff500c3a4d3d7acc8f8bf4996"
"Truth/DL2D00006652.png","2918","f6d607eeb69c6ffe5ec2839b6adb6e0b5405e102771b995de13a3701ccd3cc51"
"Truth/DL2D00006661.png","5160","a221d81d5eccab5e0367b2eb428bce324ef8c4445073122611802a020dbc5b7a"
"Truth/DL2D00006713.png","1978","7bf0e230f29819d280c67cf853653be24e49e74003f8f45d022909ff7b8a2526"
"Truth/DL2D00006715.png","1091","6fd4fdcc90b46b5aec807227e9b470a84e3e54ce80b4c1107f462062c34c57bb"
"Truth/DL2D00006725.png","9237","867926d64a32b6b08d7f06b1455d9d4a8190a2bd421f30f6da18ead0043e7cdd"
"Truth/DL2D00006745.png","3540","f1dc95d113ed0f34711c031f3f009e35d27675f1cfc4f14fcdb7f52c5550277e"
"Truth/DL2D00006776.png","2473","c6e6bf25de79bbc6cbef060118668264518da3be3a762126fad3a468856d92ae"
"Truth/DL2D00006778.png","1865","45e4e54eea1e3efb2ed73b9451600506ec8ff13e6a850839dd446bf9db919d35"
"Truth/DL2D00006786.png","4371","e4460bcf71c488b9a5d9f3c663b2126d15680da42510d86fbc5cd042fd638395"
"Truth/DL2D00006801.png","664","9aa400a3f85241b6ca7abd1ee250211ddc7d959ea95f66ac2dec88cec7ca775e"
"Truth/DL2D00006844.png","1293","a4fb0f21b8d42034cec6e4666f0ab0619cf5710efe218e1e12e4c2dc13201b54"
"Truth/DL2D00006884.png","3988","7e1c558288f6e237ee282efb4e998b53c7a29e6282d7287092866e501ef0b5e1"
"Truth/DL2D00006905.png","3348","38dc0d76f5ffdcad9fd2b19e6ec82cb01c93923db91dd5e7f4e6455003b06ccb"
"Truth/DL2D00006911.png","1927","ecf652f55e6f5f05a16b19176ece7805eac76936568b18a7fd0d30adcc486238"
"Truth/DL2D00006931.png","2499","176f2cdc81a0815510852dfb106db1263512afb0c9d62b4367abcd648229cd27"
"Truth/DL2D00006932.png","2068","74f1a1c25e1878193c616f4dc3200ce2b99cc2d8e54744c9a5f9438e7246d90a"
"Truth/DL2D00006955.png","12623","53e760e6102abf40cfa6335be76a605b8eeb0b539394808f1f0d15344154f69a"
"Truth/DL2D00006961.png","2238","1cb6e73024fe1c3e9ac5b24994a3f83c6aa4a07c7b3364e24ec0a395ce0bfbf4"
"Truth/DL2D00006968.png","2547","31ae7f5823c6108ec818ea3ebae7a4e44ff3755b9596918416d87923e5e0dca8"
"Truth/DL2D00007032.png","4427","40fb329487331ca4e5253bb87d7cd97fd011efcbf44888c1d612fe60efed685b"
"Truth/DL2D00007035.png","3005","2f0ec17c0a6881b8b7ba36827f0af249ed9061d3c6bc18afabcfbb36fd575666"
"Truth/DL2D00007051.png","1882","2b0b12cf938087104f0601efe8ea4e55ccc6e9967e77404ff1051820c54e262a"
"Truth/DL2D00007124.png","8320","c7a2e8a3284eae15c6f018a572cc2af476a9fa0320e4a7606ff2e2775b529667"
"Truth/DL2D00007145.png","14795","652a0b8af5c628ecf2f312b11457336c125e36c37d5f778d949a6232841c9ed7"
"Truth/DL2D00007188.png","8039","47ecb45a1b9a8fe464afd231b5c31d949d73470054a4135534abc6a514562eed"
"Truth/DL2D00007190.png","3613","217546749a88d9d167720e0c062105782bcdff1b1f160033e63a51a55d4b3b10"
"Truth/DL2D00007218.png","1647","9aa1e9b011601e5848e1802b95ff354f81007c0d1f0629b5870c50806d3024fd"
"Truth/DL2D00007247.png","5642","fe3dae187c99ed448154e41780a20c4a526816ad99d09f3c6109f7c677a41153"
"Truth/DL2D00007249.png","5015","42cec821d1da0ab0513477f7d04b0762e42d0a076bf5e41c2d972c7980f5f778"
"Truth/DL2D00007254.png","3432","111bef1bfea9cc571ef6ce8fb2bd540ca24ed3c00756abbf97f011f6e0bd6a84"
"Truth/DL2D00007259.png","1399","509783dc18622d7d77b6653188a4b00103c86e7481d3c8d6ac776525996fcad3"
"Truth/DL2D00007278.png","6736","d7ad58f2d2f4ff201ed4a9311a147c5e8781add0d2f4786b05f44d2ce27e6730"
"Truth/DL2D00007312.png","2391","341de3734141516ecb2fbb43fe3d73e67c95e91f34334fdb7fdf58bb0d9f7fab"
"Truth/DL2D00007317.png","7596","9103622ac5878067c7e6dc4faff53a92b995a36ed92d47ebbe413c0155908e79"
"Truth/DL2D00007318.png","1663","2b4fb23c27f0fe99d7e9141f445b2f5a1af89e2d5f3b9655ac9bbfeab5d3113e"
"Truth/DL2D00007403.png","856","6e2ca77067e8b3729d85af44dd9c18b94ec2792712edec126fa6145d1a269248"
"Truth/DL2D00007426.png","1610","17d3ba281e0d752900a7172d0cfa8338ad716567cadf13f3175d1904b342be14"
"Truth/DL2D00007432.png","3988","9e1e0ac70b20de3ec8ecf10b8502123fb890884d8abcf56563af954d961bbf75"
"Truth/DL2D00007433.png","1710","6cb28f44b57d21f5a56c36025b58c0b3c1656c341e28419dd3b63a4a60221af2"
"Truth/DL2D00007435.png","5538","633ebd9dab4ff4a1df488a65fec4695711eeb5c68b3d16cbaf3cacae7ee17b0f"
"Truth/DL2D00007443.png","9800","f7481f22add080d3821babc0d4d88c9a3c849c58d7f29f4a38c57bad3a636b9c"
"Truth/DL2D00007480.png","1441","683226eb5857ac8680b021aec6266eec67cce73690aaba2bebc6645f45994d48"
"Truth/DL2D00007503.png","1894","cf47974372eac32b56e15ed09491113a258e143026d5114c2bc4631ab26449a9"
"Truth/DL2D00007536.png","2434","7d58e3e45b379eee8b68aef906066c4ce54bc180c14cf1a16cb8b0bafb4b9951"
"Truth/DL2D00007557.png","5265","146ae7244b530cc84e6581f6d0453849450ce2b87c6d75fed202f2b6acb215f5"
"Truth/DL2D00007704.png","1452","f808c7e894a189f5bdf09ff6a8e855d5be5a2ba49963a776374e0ba08d4a636b"
"Truth/DL2D00007716.png","1508","61ab065372cf3b11b4a412dea4f52cf1772b5781699a86465ec3c47ac0df922c"
"Truth/DL2D00007745.png","2018","47402bf62b33d9dd63c47407a8b7a8399389e59b50fca4e6693a0bc20764dc15"
"Truth/DL2D00007770.png","1986","e87a23549d39bb27f4cea85c9b0f431d6dd89ee9f5b5147bb053c59a08c9596c"
"Truth/DL2D00007782.png","1894","eda9d0872b0c301fb2ede2f8813fba309a54fe451e9cde3f5d898e2c1881a4b4"
"Truth/DL2D00007796.png","3094","a018017f614e01eb581d6dcf156f242557a297f81a15736fd08df2fc63292569"
"Truth/DL2D00007807.png","1089","242fe0d3613df5587825103fa5bf3c5acbc8b0a9a2c51a21c92be0dfc87b3edd"
"Truth/DL2D00007809.png","1322","7663f32e0916e63f44d4bca9454255c5da6aa0d8b7d655e3ef249b5fce390ed5"
"Truth/DL2D00007827.png","1264","e55f6d3b556644d886dd611d2c3573349bc00de3fe1cd727890ec2dd898e388a"
"Truth/DL2D00007834.png","1206","c84b41de57772ae82527c10fe00945a59b1e238a3488a2d75ebab43cc31b895f"
"Truth/DL2D00007855.png","1391","4fedbec3f910db1e8d906e74e1b99b68766c6f23f1ff3c8622bdf7f38405247f"
"Truth/DL2D00007874.png","461","7fc84832df4f92e179c9f29ab4446ec64ed3cab3adf8a1264914670291394dd1"
"Truth/DL2D00007895.png","461","7fc84832df4f92e179c9f29ab4446ec64ed3cab3adf8a1264914670291394dd1"
"Truth/DL2D00007911.png","461","7fc84832df4f92e179c9f29ab4446ec64ed3cab3adf8a1264914670291394dd1"
"Truth/DL2D00007934.png","790","0e03bdabe5eac7d1c5065634ac10302b13f1d0375f2a5a605fe16c9829f64cfb"
"Truth/DL2D00007939.png","461","7fc84832df4f92e179c9f29ab4446ec64ed3cab3adf8a1264914670291394dd1"
"Truth/DL2D00007956.png","461","7fc84832df4f92e179c9f29ab4446ec64ed3cab3adf8a1264914670291394dd1"
"Truth/DL2D00007959.png","909","8d47360ccbbb55a3c27302b2e66a4faa24e37fbe755b54ea9da919e2130607ec"
"Truth/DL2D00007995.png","1039","286741ea8bbcba554754c98db345d8e587892ab1278644b1f45e9030ed2e2ee7"
"Truth/DL2D00013008.png","1440","cffaae9aaad5735abfb292a60a11b739e656ebadc4be28b679fe2aa197769ae2"
"Truth/DL2D00013026.png","1727","f71bf1edf9803d510979c675cafbc565652fdeec26776889c1d669954fad2ed5"
"Truth/DL2D00013028.png","1400","93a944a77ae11a6e357e1b1f0ecf616e5f44913c42e0d9141b498d881274fed2"
"Truth/DL2D00013033.png","1133","dd29e26a56a7014893a0cf26be8a94f20ab3b83d29dcbccc10d7fd582f945470"
"Truth/DL2D00013034.png","1371","7b9a817032953284ad325a2e1c80fd290132533f500446a63f0ae9a7d5784cd3"
"Truth/DL2D00013035.png","857","9d8ba2a1061217925c7bef10fb074f7e730b5748b3439194a3aa1bdf5922ff9e"
"Truth/DL2D00013042.png","1431","6c2659da78ff1ef9392dbc60db8294b934100bbe3a3edea48c2e8f4f1b188245"
"Truth/DL2D00013072.png","1613","3badd87cbd9c7ff9399b456c0ec9e3c16946afee1619ec33953ac18826432225"
"Truth/DL2D00013086.png","1740","be4a052e4a991c4796aa5e01c683a1a1f4c049c9e9b04bb021fd26c4b4618e2d"
"Truth/DL2D00013087.png","1564","e73f4d3756db333573c7d84b54db09fa0152c2f4472b1046e08dd9f272f68d0c"
"Truth/DL2D00013109.png","1366","26f1c6616edaab08ea3c0aa1491267f2f0c69d43ae22d7d738b664229731d9c0"
"Truth/DL2D00013118.png","1872","90e00726b4d9dc23ca3d428e09a2eea4077ce373a13d232a55ea3c98b3cac976"
"Truth/DL2D00013169.png","2216","d51df141cb7d885d3324660041f53c7119d660441332b1e80d3d7e93dbcaf966"
"Truth/DL2D00013200.png","1178","517c3719520b67b166f1c5e55ab168a0f4d4432fdb8eed8a26d9b46d645db01d"
"Truth/DL2D00013208.png","1255","b591b319da1c034834138ecb4aa94877e55cc9c170e536f3910856c782d292e2"
"Truth/DL2D00013257.png","913","505835f954234b20e926e54e3bb1df235d70b4515ec4c970398d67396d61d4cd"
"Truth/DL2D00013283.png","1000","6ec839258d4c3eb2be1d20129b80c0f105d25e89b044d081c0f769296665d038"
"Truth/DL2D00013290.png","1040","dbf9cd69439551c1c97e4ef818b7b4457403c4f6f8dbc6efbd2289ce9b7a6c10"
"Truth/DL2D00013292.png","1331","56a5cee51cf08b7823b7b97e191aada61ef3eebd1413aacc8afd4fc1a09fce7d"
"Truth/DL2D00013294.png","1449","de51bcb1a50a8c7c1aaf2cedf4a182a3206d924836dc3ef7a25214b273d43b38"
"Truth/DL2D00013316.png","1673","0893a9c37fdda735ff0068f747da83255bf46b448e38dcf81c7a958e2b7b83e0"
"Truth/DL2D00013320.png","885","c10d4fa1cefdd8f04d9d4f26379bc9b63e76c70e88b72011dfd50ef679c402fe"
"Truth/DL2D00013329.png","1029","69d0c134877c1a72e71a939f0eb1f14d45ce429f40d4ef85aac69185895f5471"
"Truth/DL2D00013336.png","1943","5d0696bf9787aff906cb3e1d1a8ddab3ee508736888b1e29a1ebef80f9d2ee79"
"Truth/DL2D00013340.png","1033","df9526ef5fc2b0c93112bf36db7952d5e93f50aa3e76ade11f600842e90ffd31"
"Truth/DL2D00013342.png","1634","c9ea5dafea840721f5e7ec390416ff0d73cbfc27a124aa39fdf39c88bbc3c962"
"Truth/DL2D00013349.png","1941","3a5c1a31b99f7804cd79d43d04c0c8dda73c90eebe143aef0728ba0eaed21506"
"Truth/DL2D00013388.png","1206","dd7006547afe4654331bc76153df9eb94e6d8e3494fa9858962415f160da3081"
"Truth/DL2D00013403.png","767","3e426ce70f01d6deede6be652118661203b55e72a94e29c8d9a825843ec99469"
"Truth/DL2D00013423.png","1929","5fd5055fbf82157a98ff5e094e1c08de53d8c7c85eb44988fa59a0fa324abc5d"
"Truth/DL2D00013437.png","1607","8bf3e4a9c8a06bfb2586e8ee0b08c32e88f39547f4800aaf4c67480929d0880b"
"Truth/DL2D00013438.png","1240","31c5773e860bf96e55bc591c39cb5bb82eea0d173a6d10e2b1cf5033b6055bde"
"Truth/DL2D00013467.png","1355","f3101a3eb5cf8aa2bffd17698538d45bb0264c07735012bed40a8b387c70e9d1"
"Truth/DL2D00013493.png","2125","961759ee5f5bfc82802cd17a48c2a031a5fe8d72e333e6ee75d9f16a5015c7fb"
"Truth/DL2D00013498.png","7844","3a11f5fedd4d9e92cf3fded88c521691bd88f031bea70f59b0af146537916a77"
"Truth/DL2D00013509.png","897","be0475767203d02b818e3ab2bbcb0f2510d84881b482c91176d93a4734909b60"
"Truth/DL2D00013513.png","794","718792125e27e871aea455dfbebf2f688d582573155d9431026a3d276fe3b32b"
"Truth/DL2D00013532.png","1024","c3326344c9ba9c6c6652afb7b66002aa3a721e3e2858f109fec89a386b63bfb9"
"Truth/DL2D00013543.png","3682","6f2b33f7ce25d25fa63ffa155344930031bfcd7ffb7b3f5b1afd13595b540a49"
"Truth/DL2D00013548.png","3749","966a6e37572c9ce00dcc24115d6848fb44745300d8ecace5084a759bc91e6e44"
"Truth/DL2D00013554.png","1511","052931240efecaaae03a835ca4e642e34e1bdc2e0c739520919cea273ce0041f"
"Truth/DL2D00013555.png","1700","cc93e70d0f3f6596cf9df6d35912c255f7848a310ef26cdac0f3562ff41fae30"
"Truth/DL2D00013569.png","2921","2e642a7ab3fd155e6745f3926a5d2b9b064fe015ec614baf2de6ac35a0a1d951"
"Truth/DL2D00013585.png","1270","a3d5905a7e9107e919110bbd96fdf12a3f3158505d9b9f80d47310f231d274aa"
"Truth/DL2D00013628.png","989","c824bc2718f41ce10039eadc52f2e6220e3068a417b24a26499637d5f88ae511"
"Truth/DL2D00013643.png","560","c25bbb2aa7edc59c2a694017293145e678d6ffb4d3aa1b4b52c771254a9b7e3b"
"Truth/DL2D00013644.png","989","d6b71bd1ca83bb1809eff4bfb9384331c5fb3bfd890a919e53e3ac83da5b9a13"
"Truth/DL2D00013646.png","842","27e622669edf4bda1e47f6eb0fe233d94684d19d3c9afeedcb5246babaa9fbc0"
"Truth/DL2D00013662.png","614","11e0e52c0aca4aa7d2aae4703fbd14879652713cde876306d1c79b60c9f31790"
"Truth/DL2D00013664.png","1259","dc7ca470566f05d9e7ea007542813c103612eec925042ca82fc49ffab9ca0f75"
"Truth/DL2D00013675.png","2015","a8b0cb7cd6523a9ab2792b2d16a2461490c2e9b688c9a377f7e47189e0d0c573"
"Truth/DL2D00013676.png","1579","3e9bad79e9613c1aeb3cc93892d65273941a7fa0ed4a1482402dafb55b521282"
"Truth/DL2D00013693.png","2023","de8b87709bbaefa51f2e31533fbd286eafd34484e16e480e2f356820350f8bc9"
"Truth/DL2D00013732.png","2061","5952a775ea166c903cb0aac14c3d9b21fe95fdd5e7d69ab0ce5d2d65cb95fb7a"
"Truth/DL2D00013771.png","1597","56a005337c2c7553c28eca5cb3d0168638cab51e0dd1e80066fe4846b33027bb"
"Truth/DL2D00013804.png","1227","6193c0831d529a2ffd35010afbd556846f1a20344a6a23e6df28d2d77a262584"
"Truth/DL2D00013813.png","967","ce14531d16448a941846745d97ff890846b380b86b2e939281ef789a982d6a3f"
"Truth/DL2D00013815.png","1724","13a8120afe19aab5454df3d4228c52f7823eeeddf88b1683c9e3bea2ae75ea9b"
